StartTime,EndTime,AreaID,UnitName,PsrType,quantity
2021-12-31T23:00+00:00Z,2022-01-01T00:00+00:00Z,10YPL-AREA-----S,MAW,B16,0
2022-01-01T00:00+00:00Z,2022-01-01T01:00+00:00Z,10YPL-AREA-----S,MAW,B16,0
2022-01-01T01:00+00:00Z,2022-01-01T02:00+00:00Z,10YPL-AREA-----S,MAW,B16,0
2022-01-01T02:00+00:00Z,2022-01-01T03:00+00:00Z,10YPL-AREA-----S,MAW,B16,0
2022-01-01T03:00+00:00Z,2022-01-01T04:00+00:00Z,10YPL-AREA-----S,MAW,B16,0
2022-01-01T04:00+00:00Z,2022-01-01T05:00+00:00Z,10YPL-AREA-----S,MAW,B16,0
2022-01-01T05:00+00:00Z,2022-01-01T06:00+00:00Z,10YPL-AREA-----S,MAW,B16,0
2022-01-01T06:00+00:00Z,2022-01-01T07:00+00:00Z,10YPL-AREA-----S,MAW,B16,21
2022-01-01T07:00+00:00Z,2022-01-01T08:00+00:00Z,10YPL-AREA-----S,MAW,B16,114
2022-01-01T08:00+00:00Z,2022-01-01T09:00+00:00Z,10YPL-AREA-----S,MAW,B16,219
2022-01-01T09:00+00:00Z,2022-01-01T10:00+00:00Z,10YPL-AREA-----S,MAW,B16,300
2022-01-01T10:00+00:00Z,2022-01-01T11:00+00:00Z,10YPL-AREA-----S,MAW,B16,310
2022-01-01T11:00+00:00Z,2022-01-01T12:00+00:00Z,10YPL-AREA-----S,MAW,B16,249
2022-01-01T12:00+00:00Z,2022-01-01T13:00+00:00Z,10YPL-AREA-----S,MAW,B16,162
2022-01-01T13:00+00:00Z,2022-01-01T14:00+00:00Z,10YPL-AREA-----S,MAW,B16,51
2022-01-01T14:00+00:00Z,2022-01-01T15:00+00:00Z,10YPL-AREA-----S,MAW,B16,1
2022-01-01T15:00+00:00Z,2022-01-01T16:00+00:00Z,10YPL-AREA-----S,MAW,B16,0
2022-01-01T16:00+00:00Z,2022-01-01T17:00+00:00Z,10YPL-AREA-----S,MAW,B16,0
2022-01-01T17:00+00:00Z,2022-01-01T18:00+00:00Z,10YPL-AREA-----S,MAW,B16,0
2022-01-01T18:00+00:00Z,2022-01-01T19:00+00:00Z,10YPL-AREA-----S,MAW,B16,0
2022-01-01T19:00+00:00Z,2022-01-01T20:00+00:00Z,10YPL-AREA-----S,MAW,B16,0
2022-01-01T20:00+00:00Z,2022-01-01T21:00+00:00Z,10YPL-AREA-----S,MAW,B16,0
2022-01-01T21:00+00:00Z,2022-01-01T22:00+00:00Z,10YPL-AREA-----S,MAW,B16,0
2022-01-01T22:00+00:00Z,2022-01-01T23:00+00:00Z,10YPL-AREA-----S,MAW,B16,0
2022-01-01T23:00+00:00Z,2022-01-02T00:00+00:00Z,10YPL-AREA-----S,MAW,B16,0
2022-01-02T00:00+00:00Z,2022-01-02T01:00+00:00Z,10YPL-AREA-----S,MAW,B16,0
2022-01-02T01:00+00:00Z,2022-01-02T02:00+00:00Z,10YPL-AREA-----S,MAW,B16,0
2022-01-02T02:00+00:00Z,2022-01-02T03:00+00:00Z,10YPL-AREA-----S,MAW,B16,0
2022-01-02T03:00+00:00Z,2022-01-02T04:00+00:00Z,10YPL-AREA-----S,MAW,B16,0
2022-01-02T04:00+00:00Z,2022-01-02T05:00+00:00Z,10YPL-AREA-----S,MAW,B16,0
2022-01-02T05:00+00:00Z,2022-01-02T06:00+00:00Z,10YPL-AREA-----S,MAW,B16,0
2022-01-02T06:00+00:00Z,2022-01-02T07:00+00:00Z,10YPL-AREA-----S,MAW,B16,62
2022-01-02T07:00+00:00Z,2022-01-02T08:00+00:00Z,10YPL-AREA-----S,MAW,B16,258
2022-01-02T08:00+00:00Z,2022-01-02T09:00+00:00Z,10YPL-AREA-----S,MAW,B16,543
2022-01-02T09:00+00:00Z,2022-01-02T10:00+00:00Z,10YPL-AREA-----S,MAW,B16,633
2022-01-02T10:00+00:00Z,2022-01-02T11:00+00:00Z,10YPL-AREA-----S,MAW,B16,705
2022-01-02T11:00+00:00Z,2022-01-02T12:00+00:00Z,10YPL-AREA-----S,MAW,B16,600
2022-01-02T12:00+00:00Z,2022-01-02T13:00+00:00Z,10YPL-AREA-----S,MAW,B16,324
2022-01-02T13:00+00:00Z,2022-01-02T14:00+00:00Z,10YPL-AREA-----S,MAW,B16,98
2022-01-02T14:00+00:00Z,2022-01-02T15:00+00:00Z,10YPL-AREA-----S,MAW,B16,1
2022-01-02T15:00+00:00Z,2022-01-02T16:00+00:00Z,10YPL-AREA-----S,MAW,B16,0
2022-01-02T16:00+00:00Z,2022-01-02T17:00+00:00Z,10YPL-AREA-----S,MAW,B16,0
2022-01-02T17:00+00:00Z,2022-01-02T18:00+00:00Z,10YPL-AREA-----S,MAW,B16,0
2022-01-02T18:00+00:00Z,2022-01-02T19:00+00:00Z,10YPL-AREA-----S,MAW,B16,0
2022-01-02T19:00+00:00Z,2022-01-02T20:00+00:00Z,10YPL-AREA-----S,MAW,B16,0
2022-01-02T20:00+00:00Z,2022-01-02T21:00+00:00Z,10YPL-AREA-----S,MAW,B16,0
2022-01-02T21:00+00:00Z,2022-01-02T22:00+00:00Z,10YPL-AREA-----S,MAW,B16,0
2022-01-02T22:00+00:00Z,2022-01-02T23:00+00:00Z,10YPL-AREA-----S,MAW,B16,0
2022-01-02T23:00+00:00Z,2022-01-03T00:00+00:00Z,10YPL-AREA-----S,MAW,B16,0
2022-01-03T00:00+00:00Z,2022-01-03T01:00+00:00Z,10YPL-AREA-----S,MAW,B16,0
2022-01-03T01:00+00:00Z,2022-01-03T02:00+00:00Z,10YPL-AREA-----S,MAW,B16,0
2022-01-03T02:00+00:00Z,2022-01-03T03:00+00:00Z,10YPL-AREA-----S,MAW,B16,0
2022-01-03T03:00+00:00Z,2022-01-03T04:00+00:00Z,10YPL-AREA-----S,MAW,B16,0
2022-01-03T04:00+00:00Z,2022-01-03T05:00+00:00Z,10YPL-AREA-----S,MAW,B16,0
2022-01-03T05:00+00:00Z,2022-01-03T06:00+00:00Z,10YPL-AREA-----S,MAW,B16,1
2022-01-03T06:00+00:00Z,2022-01-03T07:00+00:00Z,10YPL-AREA-----S,MAW,B16,57
2022-01-03T07:00+00:00Z,2022-01-03T08:00+00:00Z,10YPL-AREA-----S,MAW,B16,144
2022-01-03T08:00+00:00Z,2022-01-03T09:00+00:00Z,10YPL-AREA-----S,MAW,B16,274
2022-01-03T09:00+00:00Z,2022-01-03T10:00+00:00Z,10YPL-AREA-----S,MAW,B16,417
2022-01-03T10:00+00:00Z,2022-01-03T11:00+00:00Z,10YPL-AREA-----S,MAW,B16,533
2022-01-03T11:00+00:00Z,2022-01-03T12:00+00:00Z,10YPL-AREA-----S,MAW,B16,432
2022-01-03T12:00+00:00Z,2022-01-03T13:00+00:00Z,10YPL-AREA-----S,MAW,B16,331
2022-01-03T13:00+00:00Z,2022-01-03T14:00+00:00Z,10YPL-AREA-----S,MAW,B16,107
2022-01-03T14:00+00:00Z,2022-01-03T15:00+00:00Z,10YPL-AREA-----S,MAW,B16,7
2022-01-03T15:00+00:00Z,2022-01-03T16:00+00:00Z,10YPL-AREA-----S,MAW,B16,0
2022-01-03T16:00+00:00Z,2022-01-03T17:00+00:00Z,10YPL-AREA-----S,MAW,B16,0
2022-01-03T17:00+00:00Z,2022-01-03T18:00+00:00Z,10YPL-AREA-----S,MAW,B16,0
2022-01-03T18:00+00:00Z,2022-01-03T19:00+00:00Z,10YPL-AREA-----S,MAW,B16,0
2022-01-03T19:00+00:00Z,2022-01-03T20:00+00:00Z,10YPL-AREA-----S,MAW,B16,0
2022-01-03T20:00+00:00Z,2022-01-03T21:00+00:00Z,10YPL-AREA-----S,MAW,B16,0
2022-01-03T21:00+00:00Z,2022-01-03T22:00+00:00Z,10YPL-AREA-----S,MAW,B16,0
2022-01-03T22:00+00:00Z,2022-01-03T23:00+00:00Z,10YPL-AREA-----S,MAW,B16,0
2022-01-03T23:00+00:00Z,2022-01-04T00:00+00:00Z,10YPL-AREA-----S,MAW,B16,0
2022-01-04T00:00+00:00Z,2022-01-04T01:00+00:00Z,10YPL-AREA-----S,MAW,B16,0
2022-01-04T01:00+00:00Z,2022-01-04T02:00+00:00Z,10YPL-AREA-----S,MAW,B16,0
2022-01-04T02:00+00:00Z,2022-01-04T03:00+00:00Z,10YPL-AREA-----S,MAW,B16,0
2022-01-04T03:00+00:00Z,2022-01-04T04:00+00:00Z,10YPL-AREA-----S,MAW,B16,0
2022-01-04T04:00+00:00Z,2022-01-04T05:00+00:00Z,10YPL-AREA-----S,MAW,B16,0
2022-01-04T05:00+00:00Z,2022-01-04T06:00+00:00Z,10YPL-AREA-----S,MAW,B16,1
2022-01-04T06:00+00:00Z,2022-01-04T07:00+00:00Z,10YPL-AREA-----S,MAW,B16,62
2022-01-04T07:00+00:00Z,2022-01-04T08:00+00:00Z,10YPL-AREA-----S,MAW,B16,183
2022-01-04T08:00+00:00Z,2022-01-04T09:00+00:00Z,10YPL-AREA-----S,MAW,B16,368
2022-01-04T09:00+00:00Z,2022-01-04T10:00+00:00Z,10YPL-AREA-----S,MAW,B16,478
2022-01-04T10:00+00:00Z,2022-01-04T11:00+00:00Z,10YPL-AREA-----S,MAW,B16,462
2022-01-04T11:00+00:00Z,2022-01-04T12:00+00:00Z,10YPL-AREA-----S,MAW,B16,346
2022-01-04T12:00+00:00Z,2022-01-04T13:00+00:00Z,10YPL-AREA-----S,MAW,B16,252
2022-01-04T13:00+00:00Z,2022-01-04T14:00+00:00Z,10YPL-AREA-----S,MAW,B16,71
2022-01-04T14:00+00:00Z,2022-01-04T15:00+00:00Z,10YPL-AREA-----S,MAW,B16,1
2022-01-04T15:00+00:00Z,2022-01-04T16:00+00:00Z,10YPL-AREA-----S,MAW,B16,0
2022-01-04T16:00+00:00Z,2022-01-04T17:00+00:00Z,10YPL-AREA-----S,MAW,B16,0
2022-01-04T17:00+00:00Z,2022-01-04T18:00+00:00Z,10YPL-AREA-----S,MAW,B16,0
2022-01-04T18:00+00:00Z,2022-01-04T19:00+00:00Z,10YPL-AREA-----S,MAW,B16,0
2022-01-04T19:00+00:00Z,2022-01-04T20:00+00:00Z,10YPL-AREA-----S,MAW,B16,0
2022-01-04T20:00+00:00Z,2022-01-04T21:00+00:00Z,10YPL-AREA-----S,MAW,B16,0
2022-01-04T21:00+00:00Z,2022-01-04T22:00+00:00Z,10YPL-AREA-----S,MAW,B16,0
2022-01-04T22:00+00:00Z,2022-01-04T23:00+00:00Z,10YPL-AREA-----S,MAW,B16,0
2022-01-04T23:00+00:00Z,2022-01-05T00:00+00:00Z,10YPL-AREA-----S,MAW,B16,0
2022-01-05T00:00+00:00Z,2022-01-05T01:00+00:00Z,10YPL-AREA-----S,MAW,B16,0
2022-01-05T01:00+00:00Z,2022-01-05T02:00+00:00Z,10YPL-AREA-----S,MAW,B16,0
2022-01-05T02:00+00:00Z,2022-01-05T03:00+00:00Z,10YPL-AREA-----S,MAW,B16,0
2022-01-05T03:00+00:00Z,2022-01-05T04:00+00:00Z,10YPL-AREA-----S,MAW,B16,0
2022-01-05T04:00+00:00Z,2022-01-05T05:00+00:00Z,10YPL-AREA-----S,MAW,B16,0
2022-01-05T05:00+00:00Z,2022-01-05T06:00+00:00Z,10YPL-AREA-----S,MAW,B16,0
2022-01-05T06:00+00:00Z,2022-01-05T07:00+00:00Z,10YPL-AREA-----S,MAW,B16,43
2022-01-05T07:00+00:00Z,2022-01-05T08:00+00:00Z,10YPL-AREA-----S,MAW,B16,132
2022-01-05T08:00+00:00Z,2022-01-05T09:00+00:00Z,10YPL-AREA-----S,MAW,B16,295
2022-01-05T09:00+00:00Z,2022-01-05T10:00+00:00Z,10YPL-AREA-----S,MAW,B16,409
2022-01-05T10:00+00:00Z,2022-01-05T11:00+00:00Z,10YPL-AREA-----S,MAW,B16,415
2022-01-05T11:00+00:00Z,2022-01-05T12:00+00:00Z,10YPL-AREA-----S,MAW,B16,287
2022-01-05T12:00+00:00Z,2022-01-05T13:00+00:00Z,10YPL-AREA-----S,MAW,B16,202
2022-01-05T13:00+00:00Z,2022-01-05T14:00+00:00Z,10YPL-AREA-----S,MAW,B16,83
2022-01-05T14:00+00:00Z,2022-01-05T15:00+00:00Z,10YPL-AREA-----S,MAW,B16,5
2022-01-05T15:00+00:00Z,2022-01-05T16:00+00:00Z,10YPL-AREA-----S,MAW,B16,0
2022-01-05T16:00+00:00Z,2022-01-05T17:00+00:00Z,10YPL-AREA-----S,MAW,B16,0
2022-01-05T17:00+00:00Z,2022-01-05T18:00+00:00Z,10YPL-AREA-----S,MAW,B16,0
2022-01-05T18:00+00:00Z,2022-01-05T19:00+00:00Z,10YPL-AREA-----S,MAW,B16,0
2022-01-05T19:00+00:00Z,2022-01-05T20:00+00:00Z,10YPL-AREA-----S,MAW,B16,0
2022-01-05T20:00+00:00Z,2022-01-05T21:00+00:00Z,10YPL-AREA-----S,MAW,B16,0
2022-01-05T21:00+00:00Z,2022-01-05T22:00+00:00Z,10YPL-AREA-----S,MAW,B16,0
2022-01-05T22:00+00:00Z,2022-01-05T23:00+00:00Z,10YPL-AREA-----S,MAW,B16,0
2022-01-05T23:00+00:00Z,2022-01-06T00:00+00:00Z,10YPL-AREA-----S,MAW,B16,0
2022-01-06T00:00+00:00Z,2022-01-06T01:00+00:00Z,10YPL-AREA-----S,MAW,B16,0
2022-01-06T01:00+00:00Z,2022-01-06T02:00+00:00Z,10YPL-AREA-----S,MAW,B16,0
2022-01-06T02:00+00:00Z,2022-01-06T03:00+00:00Z,10YPL-AREA-----S,MAW,B16,0
2022-01-06T03:00+00:00Z,2022-01-06T04:00+00:00Z,10YPL-AREA-----S,MAW,B16,0
2022-01-06T04:00+00:00Z,2022-01-06T05:00+00:00Z,10YPL-AREA-----S,MAW,B16,0
2022-01-06T05:00+00:00Z,2022-01-06T06:00+00:00Z,10YPL-AREA-----S,MAW,B16,1
2022-01-06T06:00+00:00Z,2022-01-06T07:00+00:00Z,10YPL-AREA-----S,MAW,B16,62
2022-01-06T07:00+00:00Z,2022-01-06T08:00+00:00Z,10YPL-AREA-----S,MAW,B16,197
2022-01-06T08:00+00:00Z,2022-01-06T09:00+00:00Z,10YPL-AREA-----S,MAW,B16,431
2022-01-06T09:00+00:00Z,2022-01-06T10:00+00:00Z,10YPL-AREA-----S,MAW,B16,589
2022-01-06T10:00+00:00Z,2022-01-06T11:00+00:00Z,10YPL-AREA-----S,MAW,B16,642
2022-01-06T11:00+00:00Z,2022-01-06T12:00+00:00Z,10YPL-AREA-----S,MAW,B16,490
2022-01-06T12:00+00:00Z,2022-01-06T13:00+00:00Z,10YPL-AREA-----S,MAW,B16,423
2022-01-06T13:00+00:00Z,2022-01-06T14:00+00:00Z,10YPL-AREA-----S,MAW,B16,213
2022-01-06T14:00+00:00Z,2022-01-06T15:00+00:00Z,10YPL-AREA-----S,MAW,B16,16
2022-01-06T15:00+00:00Z,2022-01-06T16:00+00:00Z,10YPL-AREA-----S,MAW,B16,0
2022-01-06T16:00+00:00Z,2022-01-06T17:00+00:00Z,10YPL-AREA-----S,MAW,B16,0
2022-01-06T17:00+00:00Z,2022-01-06T18:00+00:00Z,10YPL-AREA-----S,MAW,B16,0
2022-01-06T18:00+00:00Z,2022-01-06T19:00+00:00Z,10YPL-AREA-----S,MAW,B16,0
2022-01-06T19:00+00:00Z,2022-01-06T20:00+00:00Z,10YPL-AREA-----S,MAW,B16,0
2022-01-06T20:00+00:00Z,2022-01-06T21:00+00:00Z,10YPL-AREA-----S,MAW,B16,0
2022-01-06T21:00+00:00Z,2022-01-06T22:00+00:00Z,10YPL-AREA-----S,MAW,B16,0
2022-01-06T22:00+00:00Z,2022-01-06T23:00+00:00Z,10YPL-AREA-----S,MAW,B16,0
2022-01-06T23:00+00:00Z,2022-01-07T00:00+00:00Z,10YPL-AREA-----S,MAW,B16,0
2022-01-07T00:00+00:00Z,2022-01-07T01:00+00:00Z,10YPL-AREA-----S,MAW,B16,0
2022-01-07T01:00+00:00Z,2022-01-07T02:00+00:00Z,10YPL-AREA-----S,MAW,B16,0
2022-01-07T02:00+00:00Z,2022-01-07T03:00+00:00Z,10YPL-AREA-----S,MAW,B16,0
2022-01-07T03:00+00:00Z,2022-01-07T04:00+00:00Z,10YPL-AREA-----S,MAW,B16,0
2022-01-07T04:00+00:00Z,2022-01-07T05:00+00:00Z,10YPL-AREA-----S,MAW,B16,0
2022-01-07T05:00+00:00Z,2022-01-07T06:00+00:00Z,10YPL-AREA-----S,MAW,B16,2
2022-01-07T06:00+00:00Z,2022-01-07T07:00+00:00Z,10YPL-AREA-----S,MAW,B16,101
2022-01-07T07:00+00:00Z,2022-01-07T08:00+00:00Z,10YPL-AREA-----S,MAW,B16,586
2022-01-07T08:00+00:00Z,2022-01-07T09:00+00:00Z,10YPL-AREA-----S,MAW,B16,1093
2022-01-07T09:00+00:00Z,2022-01-07T10:00+00:00Z,10YPL-AREA-----S,MAW,B16,1381
2022-01-07T10:00+00:00Z,2022-01-07T11:00+00:00Z,10YPL-AREA-----S,MAW,B16,1401
2022-01-07T11:00+00:00Z,2022-01-07T12:00+00:00Z,10YPL-AREA-----S,MAW,B16,1278
2022-01-07T12:00+00:00Z,2022-01-07T13:00+00:00Z,10YPL-AREA-----S,MAW,B16,732
2022-01-07T13:00+00:00Z,2022-01-07T14:00+00:00Z,10YPL-AREA-----S,MAW,B16,242
2022-01-07T14:00+00:00Z,2022-01-07T15:00+00:00Z,10YPL-AREA-----S,MAW,B16,13
2022-01-07T15:00+00:00Z,2022-01-07T16:00+00:00Z,10YPL-AREA-----S,MAW,B16,0
2022-01-07T16:00+00:00Z,2022-01-07T17:00+00:00Z,10YPL-AREA-----S,MAW,B16,0
2022-01-07T17:00+00:00Z,2022-01-07T18:00+00:00Z,10YPL-AREA-----S,MAW,B16,0
2022-01-07T18:00+00:00Z,2022-01-07T19:00+00:00Z,10YPL-AREA-----S,MAW,B16,0
2022-01-07T19:00+00:00Z,2022-01-07T20:00+00:00Z,10YPL-AREA-----S,MAW,B16,0
2022-01-07T20:00+00:00Z,2022-01-07T21:00+00:00Z,10YPL-AREA-----S,MAW,B16,0
2022-01-07T21:00+00:00Z,2022-01-07T22:00+00:00Z,10YPL-AREA-----S,MAW,B16,0
2022-01-07T22:00+00:00Z,2022-01-07T23:00+00:00Z,10YPL-AREA-----S,MAW,B16,0
2022-01-07T23:00+00:00Z,2022-01-08T00:00+00:00Z,10YPL-AREA-----S,MAW,B16,0
2022-01-08T00:00+00:00Z,2022-01-08T01:00+00:00Z,10YPL-AREA-----S,MAW,B16,0
2022-01-08T01:00+00:00Z,2022-01-08T02:00+00:00Z,10YPL-AREA-----S,MAW,B16,0
2022-01-08T02:00+00:00Z,2022-01-08T03:00+00:00Z,10YPL-AREA-----S,MAW,B16,0
2022-01-08T03:00+00:00Z,2022-01-08T04:00+00:00Z,10YPL-AREA-----S,MAW,B16,0
2022-01-08T04:00+00:00Z,2022-01-08T05:00+00:00Z,10YPL-AREA-----S,MAW,B16,0
2022-01-08T05:00+00:00Z,2022-01-08T06:00+00:00Z,10YPL-AREA-----S,MAW,B16,2
2022-01-08T06:00+00:00Z,2022-01-08T07:00+00:00Z,10YPL-AREA-----S,MAW,B16,99
2022-01-08T07:00+00:00Z,2022-01-08T08:00+00:00Z,10YPL-AREA-----S,MAW,B16,339
2022-01-08T08:00+00:00Z,2022-01-08T09:00+00:00Z,10YPL-AREA-----S,MAW,B16,639
2022-01-08T09:00+00:00Z,2022-01-08T10:00+00:00Z,10YPL-AREA-----S,MAW,B16,735
2022-01-08T10:00+00:00Z,2022-01-08T11:00+00:00Z,10YPL-AREA-----S,MAW,B16,712
2022-01-08T11:00+00:00Z,2022-01-08T12:00+00:00Z,10YPL-AREA-----S,MAW,B16,687
2022-01-08T12:00+00:00Z,2022-01-08T13:00+00:00Z,10YPL-AREA-----S,MAW,B16,450
2022-01-08T13:00+00:00Z,2022-01-08T14:00+00:00Z,10YPL-AREA-----S,MAW,B16,155
2022-01-08T14:00+00:00Z,2022-01-08T15:00+00:00Z,10YPL-AREA-----S,MAW,B16,8
2022-01-08T15:00+00:00Z,2022-01-08T16:00+00:00Z,10YPL-AREA-----S,MAW,B16,0
2022-01-08T16:00+00:00Z,2022-01-08T17:00+00:00Z,10YPL-AREA-----S,MAW,B16,0
2022-01-08T17:00+00:00Z,2022-01-08T18:00+00:00Z,10YPL-AREA-----S,MAW,B16,0
2022-01-08T18:00+00:00Z,2022-01-08T19:00+00:00Z,10YPL-AREA-----S,MAW,B16,0
2022-01-08T19:00+00:00Z,2022-01-08T20:00+00:00Z,10YPL-AREA-----S,MAW,B16,0
2022-01-08T20:00+00:00Z,2022-01-08T21:00+00:00Z,10YPL-AREA-----S,MAW,B16,0
2022-01-08T21:00+00:00Z,2022-01-08T22:00+00:00Z,10YPL-AREA-----S,MAW,B16,0
2022-01-08T22:00+00:00Z,2022-01-08T23:00+00:00Z,10YPL-AREA-----S,MAW,B16,0
2022-01-08T23:00+00:00Z,2022-01-09T00:00+00:00Z,10YPL-AREA-----S,MAW,B16,0
2022-01-09T00:00+00:00Z,2022-01-09T01:00+00:00Z,10YPL-AREA-----S,MAW,B16,0
2022-01-09T01:00+00:00Z,2022-01-09T02:00+00:00Z,10YPL-AREA-----S,MAW,B16,0
2022-01-09T02:00+00:00Z,2022-01-09T03:00+00:00Z,10YPL-AREA-----S,MAW,B16,0
2022-01-09T03:00+00:00Z,2022-01-09T04:00+00:00Z,10YPL-AREA-----S,MAW,B16,0
2022-01-09T04:00+00:00Z,2022-01-09T05:00+00:00Z,10YPL-AREA-----S,MAW,B16,0
2022-01-09T05:00+00:00Z,2022-01-09T06:00+00:00Z,10YPL-AREA-----S,MAW,B16,2
2022-01-09T06:00+00:00Z,2022-01-09T07:00+00:00Z,10YPL-AREA-----S,MAW,B16,117
2022-01-09T07:00+00:00Z,2022-01-09T08:00+00:00Z,10YPL-AREA-----S,MAW,B16,600
2022-01-09T08:00+00:00Z,2022-01-09T09:00+00:00Z,10YPL-AREA-----S,MAW,B16,1111
2022-01-09T09:00+00:00Z,2022-01-09T10:00+00:00Z,10YPL-AREA-----S,MAW,B16,1320
2022-01-09T10:00+00:00Z,2022-01-09T11:00+00:00Z,10YPL-AREA-----S,MAW,B16,1313
2022-01-09T11:00+00:00Z,2022-01-09T12:00+00:00Z,10YPL-AREA-----S,MAW,B16,1082
2022-01-09T12:00+00:00Z,2022-01-09T13:00+00:00Z,10YPL-AREA-----S,MAW,B16,711
2022-01-09T13:00+00:00Z,2022-01-09T14:00+00:00Z,10YPL-AREA-----S,MAW,B16,234
2022-01-09T14:00+00:00Z,2022-01-09T15:00+00:00Z,10YPL-AREA-----S,MAW,B16,17
2022-01-09T15:00+00:00Z,2022-01-09T16:00+00:00Z,10YPL-AREA-----S,MAW,B16,0
2022-01-09T16:00+00:00Z,2022-01-09T17:00+00:00Z,10YPL-AREA-----S,MAW,B16,0
2022-01-09T17:00+00:00Z,2022-01-09T18:00+00:00Z,10YPL-AREA-----S,MAW,B16,0
2022-01-09T18:00+00:00Z,2022-01-09T19:00+00:00Z,10YPL-AREA-----S,MAW,B16,0
2022-01-09T19:00+00:00Z,2022-01-09T20:00+00:00Z,10YPL-AREA-----S,MAW,B16,0
2022-01-09T20:00+00:00Z,2022-01-09T21:00+00:00Z,10YPL-AREA-----S,MAW,B16,0
2022-01-09T21:00+00:00Z,2022-01-09T22:00+00:00Z,10YPL-AREA-----S,MAW,B16,0
2022-01-09T22:00+00:00Z,2022-01-09T23:00+00:00Z,10YPL-AREA-----S,MAW,B16,0
2022-01-09T23:00+00:00Z,2022-01-10T00:00+00:00Z,10YPL-AREA-----S,MAW,B16,0
2022-01-10T00:00+00:00Z,2022-01-10T01:00+00:00Z,10YPL-AREA-----S,MAW,B16,0
2022-01-10T01:00+00:00Z,2022-01-10T02:00+00:00Z,10YPL-AREA-----S,MAW,B16,0
2022-01-10T02:00+00:00Z,2022-01-10T03:00+00:00Z,10YPL-AREA-----S,MAW,B16,0
2022-01-10T03:00+00:00Z,2022-01-10T04:00+00:00Z,10YPL-AREA-----S,MAW,B16,0
2022-01-10T04:00+00:00Z,2022-01-10T05:00+00:00Z,10YPL-AREA-----S,MAW,B16,0
2022-01-10T05:00+00:00Z,2022-01-10T06:00+00:00Z,10YPL-AREA-----S,MAW,B16,1
2022-01-10T06:00+00:00Z,2022-01-10T07:00+00:00Z,10YPL-AREA-----S,MAW,B16,81
2022-01-10T07:00+00:00Z,2022-01-10T08:00+00:00Z,10YPL-AREA-----S,MAW,B16,276
2022-01-10T08:00+00:00Z,2022-01-10T09:00+00:00Z,10YPL-AREA-----S,MAW,B16,658
2022-01-10T09:00+00:00Z,2022-01-10T10:00+00:00Z,10YPL-AREA-----S,MAW,B16,910
2022-01-10T10:00+00:00Z,2022-01-10T11:00+00:00Z,10YPL-AREA-----S,MAW,B16,928
2022-01-10T11:00+00:00Z,2022-01-10T12:00+00:00Z,10YPL-AREA-----S,MAW,B16,807
2022-01-10T12:00+00:00Z,2022-01-10T13:00+00:00Z,10YPL-AREA-----S,MAW,B16,604
2022-01-10T13:00+00:00Z,2022-01-10T14:00+00:00Z,10YPL-AREA-----S,MAW,B16,216
2022-01-10T14:00+00:00Z,2022-01-10T15:00+00:00Z,10YPL-AREA-----S,MAW,B16,11
2022-01-10T15:00+00:00Z,2022-01-10T16:00+00:00Z,10YPL-AREA-----S,MAW,B16,0
2022-01-10T16:00+00:00Z,2022-01-10T17:00+00:00Z,10YPL-AREA-----S,MAW,B16,0
2022-01-10T17:00+00:00Z,2022-01-10T18:00+00:00Z,10YPL-AREA-----S,MAW,B16,0
2022-01-10T18:00+00:00Z,2022-01-10T19:00+00:00Z,10YPL-AREA-----S,MAW,B16,0
2022-01-10T19:00+00:00Z,2022-01-10T20:00+00:00Z,10YPL-AREA-----S,MAW,B16,0
2022-01-10T20:00+00:00Z,2022-01-10T21:00+00:00Z,10YPL-AREA-----S,MAW,B16,0
2022-01-10T21:00+00:00Z,2022-01-10T22:00+00:00Z,10YPL-AREA-----S,MAW,B16,0
2022-01-10T22:00+00:00Z,2022-01-10T23:00+00:00Z,10YPL-AREA-----S,MAW,B16,0
2022-01-10T23:00+00:00Z,2022-01-11T00:00+00:00Z,10YPL-AREA-----S,MAW,B16,0
2022-01-11T00:00+00:00Z,2022-01-11T01:00+00:00Z,10YPL-AREA-----S,MAW,B16,0
2022-01-11T01:00+00:00Z,2022-01-11T02:00+00:00Z,10YPL-AREA-----S,MAW,B16,0
2022-01-11T02:00+00:00Z,2022-01-11T03:00+00:00Z,10YPL-AREA-----S,MAW,B16,0
2022-01-11T03:00+00:00Z,2022-01-11T04:00+00:00Z,10YPL-AREA-----S,MAW,B16,0
2022-01-11T04:00+00:00Z,2022-01-11T05:00+00:00Z,10YPL-AREA-----S,MAW,B16,0
2022-01-11T05:00+00:00Z,2022-01-11T06:00+00:00Z,10YPL-AREA-----S,MAW,B16,2
2022-01-11T06:00+00:00Z,2022-01-11T07:00+00:00Z,10YPL-AREA-----S,MAW,B16,79
2022-01-11T07:00+00:00Z,2022-01-11T08:00+00:00Z,10YPL-AREA-----S,MAW,B16,425
2022-01-11T08:00+00:00Z,2022-01-11T09:00+00:00Z,10YPL-AREA-----S,MAW,B16,877
2022-01-11T09:00+00:00Z,2022-01-11T10:00+00:00Z,10YPL-AREA-----S,MAW,B16,1105
2022-01-11T10:00+00:00Z,2022-01-11T11:00+00:00Z,10YPL-AREA-----S,MAW,B16,1154
2022-01-11T11:00+00:00Z,2022-01-11T12:00+00:00Z,10YPL-AREA-----S,MAW,B16,1051
2022-01-11T12:00+00:00Z,2022-01-11T13:00+00:00Z,10YPL-AREA-----S,MAW,B16,680
2022-01-11T13:00+00:00Z,2022-01-11T14:00+00:00Z,10YPL-AREA-----S,MAW,B16,271
2022-01-11T14:00+00:00Z,2022-01-11T15:00+00:00Z,10YPL-AREA-----S,MAW,B16,19
2022-01-11T15:00+00:00Z,2022-01-11T16:00+00:00Z,10YPL-AREA-----S,MAW,B16,0
2022-01-11T16:00+00:00Z,2022-01-11T17:00+00:00Z,10YPL-AREA-----S,MAW,B16,0
2022-01-11T17:00+00:00Z,2022-01-11T18:00+00:00Z,10YPL-AREA-----S,MAW,B16,0
2022-01-11T18:00+00:00Z,2022-01-11T19:00+00:00Z,10YPL-AREA-----S,MAW,B16,0
2022-01-11T19:00+00:00Z,2022-01-11T20:00+00:00Z,10YPL-AREA-----S,MAW,B16,0
2022-01-11T20:00+00:00Z,2022-01-11T21:00+00:00Z,10YPL-AREA-----S,MAW,B16,0
2022-01-11T21:00+00:00Z,2022-01-11T22:00+00:00Z,10YPL-AREA-----S,MAW,B16,0
2022-01-11T22:00+00:00Z,2022-01-11T23:00+00:00Z,10YPL-AREA-----S,MAW,B16,0
2022-01-11T23:00+00:00Z,2022-01-12T00:00+00:00Z,10YPL-AREA-----S,MAW,B16,0
2022-01-12T00:00+00:00Z,2022-01-12T01:00+00:00Z,10YPL-AREA-----S,MAW,B16,0
2022-01-12T01:00+00:00Z,2022-01-12T02:00+00:00Z,10YPL-AREA-----S,MAW,B16,0
2022-01-12T02:00+00:00Z,2022-01-12T03:00+00:00Z,10YPL-AREA-----S,MAW,B16,0
2022-01-12T03:00+00:00Z,2022-01-12T04:00+00:00Z,10YPL-AREA-----S,MAW,B16,0
2022-01-12T04:00+00:00Z,2022-01-12T05:00+00:00Z,10YPL-AREA-----S,MAW,B16,0
2022-01-12T05:00+00:00Z,2022-01-12T06:00+00:00Z,10YPL-AREA-----S,MAW,B16,4
2022-01-12T06:00+00:00Z,2022-01-12T07:00+00:00Z,10YPL-AREA-----S,MAW,B16,88
2022-01-12T07:00+00:00Z,2022-01-12T08:00+00:00Z,10YPL-AREA-----S,MAW,B16,278
2022-01-12T08:00+00:00Z,2022-01-12T09:00+00:00Z,10YPL-AREA-----S,MAW,B16,444
2022-01-12T09:00+00:00Z,2022-01-12T10:00+00:00Z,10YPL-AREA-----S,MAW,B16,682
2022-01-12T10:00+00:00Z,2022-01-12T11:00+00:00Z,10YPL-AREA-----S,MAW,B16,814
2022-01-12T11:00+00:00Z,2022-01-12T12:00+00:00Z,10YPL-AREA-----S,MAW,B16,730
2022-01-12T12:00+00:00Z,2022-01-12T13:00+00:00Z,10YPL-AREA-----S,MAW,B16,532
2022-01-12T13:00+00:00Z,2022-01-12T14:00+00:00Z,10YPL-AREA-----S,MAW,B16,214
2022-01-12T14:00+00:00Z,2022-01-12T15:00+00:00Z,10YPL-AREA-----S,MAW,B16,20
2022-01-12T15:00+00:00Z,2022-01-12T16:00+00:00Z,10YPL-AREA-----S,MAW,B16,0
2022-01-12T16:00+00:00Z,2022-01-12T17:00+00:00Z,10YPL-AREA-----S,MAW,B16,0
2022-01-12T17:00+00:00Z,2022-01-12T18:00+00:00Z,10YPL-AREA-----S,MAW,B16,0
2022-01-12T18:00+00:00Z,2022-01-12T19:00+00:00Z,10YPL-AREA-----S,MAW,B16,0
2022-01-12T19:00+00:00Z,2022-01-12T20:00+00:00Z,10YPL-AREA-----S,MAW,B16,0
2022-01-12T20:00+00:00Z,2022-01-12T21:00+00:00Z,10YPL-AREA-----S,MAW,B16,0
2022-01-12T21:00+00:00Z,2022-01-12T22:00+00:00Z,10YPL-AREA-----S,MAW,B16,0
2022-01-12T22:00+00:00Z,2022-01-12T23:00+00:00Z,10YPL-AREA-----S,MAW,B16,0
2022-01-12T23:00+00:00Z,2022-01-13T00:00+00:00Z,10YPL-AREA-----S,MAW,B16,0
2022-01-13T00:00+00:00Z,2022-01-13T01:00+00:00Z,10YPL-AREA-----S,MAW,B16,0
2022-01-13T01:00+00:00Z,2022-01-13T02:00+00:00Z,10YPL-AREA-----S,MAW,B16,0
2022-01-13T02:00+00:00Z,2022-01-13T03:00+00:00Z,10YPL-AREA-----S,MAW,B16,0
2022-01-13T03:00+00:00Z,2022-01-13T04:00+00:00Z,10YPL-AREA-----S,MAW,B16,0
2022-01-13T04:00+00:00Z,2022-01-13T05:00+00:00Z,10YPL-AREA-----S,MAW,B16,0
2022-01-13T05:00+00:00Z,2022-01-13T06:00+00:00Z,10YPL-AREA-----S,MAW,B16,3
2022-01-13T06:00+00:00Z,2022-01-13T07:00+00:00Z,10YPL-AREA-----S,MAW,B16,56
2022-01-13T07:00+00:00Z,2022-01-13T08:00+00:00Z,10YPL-AREA-----S,MAW,B16,183
2022-01-13T08:00+00:00Z,2022-01-13T09:00+00:00Z,10YPL-AREA-----S,MAW,B16,334
2022-01-13T09:00+00:00Z,2022-01-13T10:00+00:00Z,10YPL-AREA-----S,MAW,B16,445
2022-01-13T10:00+00:00Z,2022-01-13T11:00+00:00Z,10YPL-AREA-----S,MAW,B16,437
2022-01-13T11:00+00:00Z,2022-01-13T12:00+00:00Z,10YPL-AREA-----S,MAW,B16,349
2022-01-13T12:00+00:00Z,2022-01-13T13:00+00:00Z,10YPL-AREA-----S,MAW,B16,239
2022-01-13T13:00+00:00Z,2022-01-13T14:00+00:00Z,10YPL-AREA-----S,MAW,B16,104
2022-01-13T14:00+00:00Z,2022-01-13T15:00+00:00Z,10YPL-AREA-----S,MAW,B16,15
2022-01-13T15:00+00:00Z,2022-01-13T16:00+00:00Z,10YPL-AREA-----S,MAW,B16,0
2022-01-13T16:00+00:00Z,2022-01-13T17:00+00:00Z,10YPL-AREA-----S,MAW,B16,0
2022-01-13T17:00+00:00Z,2022-01-13T18:00+00:00Z,10YPL-AREA-----S,MAW,B16,0
2022-01-13T18:00+00:00Z,2022-01-13T19:00+00:00Z,10YPL-AREA-----S,MAW,B16,0
2022-01-13T19:00+00:00Z,2022-01-13T20:00+00:00Z,10YPL-AREA-----S,MAW,B16,0
2022-01-13T20:00+00:00Z,2022-01-13T21:00+00:00Z,10YPL-AREA-----S,MAW,B16,0
2022-01-13T21:00+00:00Z,2022-01-13T22:00+00:00Z,10YPL-AREA-----S,MAW,B16,0
2022-01-13T22:00+00:00Z,2022-01-13T23:00+00:00Z,10YPL-AREA-----S,MAW,B16,0
2022-01-13T23:00+00:00Z,2022-01-14T00:00+00:00Z,10YPL-AREA-----S,MAW,B16,0
2022-01-14T00:00+00:00Z,2022-01-14T01:00+00:00Z,10YPL-AREA-----S,MAW,B16,0
2022-01-14T01:00+00:00Z,2022-01-14T02:00+00:00Z,10YPL-AREA-----S,MAW,B16,0
2022-01-14T02:00+00:00Z,2022-01-14T03:00+00:00Z,10YPL-AREA-----S,MAW,B16,0
2022-01-14T03:00+00:00Z,2022-01-14T04:00+00:00Z,10YPL-AREA-----S,MAW,B16,0
2022-01-14T04:00+00:00Z,2022-01-14T05:00+00:00Z,10YPL-AREA-----S,MAW,B16,0
2022-01-14T05:00+00:00Z,2022-01-14T06:00+00:00Z,10YPL-AREA-----S,MAW,B16,1
2022-01-14T06:00+00:00Z,2022-01-14T07:00+00:00Z,10YPL-AREA-----S,MAW,B16,44
2022-01-14T07:00+00:00Z,2022-01-14T08:00+00:00Z,10YPL-AREA-----S,MAW,B16,121
2022-01-14T08:00+00:00Z,2022-01-14T09:00+00:00Z,10YPL-AREA-----S,MAW,B16,315
2022-01-14T09:00+00:00Z,2022-01-14T10:00+00:00Z,10YPL-AREA-----S,MAW,B16,583
2022-01-14T10:00+00:00Z,2022-01-14T11:00+00:00Z,10YPL-AREA-----S,MAW,B16,653
2022-01-14T11:00+00:00Z,2022-01-14T12:00+00:00Z,10YPL-AREA-----S,MAW,B16,531
2022-01-14T12:00+00:00Z,2022-01-14T13:00+00:00Z,10YPL-AREA-----S,MAW,B16,381
2022-01-14T13:00+00:00Z,2022-01-14T14:00+00:00Z,10YPL-AREA-----S,MAW,B16,177
2022-01-14T14:00+00:00Z,2022-01-14T15:00+00:00Z,10YPL-AREA-----S,MAW,B16,19
2022-01-14T15:00+00:00Z,2022-01-14T16:00+00:00Z,10YPL-AREA-----S,MAW,B16,0
2022-01-14T16:00+00:00Z,2022-01-14T17:00+00:00Z,10YPL-AREA-----S,MAW,B16,0
2022-01-14T17:00+00:00Z,2022-01-14T18:00+00:00Z,10YPL-AREA-----S,MAW,B16,0
2022-01-14T18:00+00:00Z,2022-01-14T19:00+00:00Z,10YPL-AREA-----S,MAW,B16,0
2022-01-14T19:00+00:00Z,2022-01-14T20:00+00:00Z,10YPL-AREA-----S,MAW,B16,0
2022-01-14T20:00+00:00Z,2022-01-14T21:00+00:00Z,10YPL-AREA-----S,MAW,B16,0
2022-01-14T21:00+00:00Z,2022-01-14T22:00+00:00Z,10YPL-AREA-----S,MAW,B16,0
2022-01-14T22:00+00:00Z,2022-01-14T23:00+00:00Z,10YPL-AREA-----S,MAW,B16,0
2022-01-14T23:00+00:00Z,2022-01-15T00:00+00:00Z,10YPL-AREA-----S,MAW,B16,0
2022-01-15T00:00+00:00Z,2022-01-15T01:00+00:00Z,10YPL-AREA-----S,MAW,B16,0
2022-01-15T01:00+00:00Z,2022-01-15T02:00+00:00Z,10YPL-AREA-----S,MAW,B16,0
2022-01-15T02:00+00:00Z,2022-01-15T03:00+00:00Z,10YPL-AREA-----S,MAW,B16,0
2022-01-15T03:00+00:00Z,2022-01-15T04:00+00:00Z,10YPL-AREA-----S,MAW,B16,0
2022-01-15T04:00+00:00Z,2022-01-15T05:00+00:00Z,10YPL-AREA-----S,MAW,B16,0
2022-01-15T05:00+00:00Z,2022-01-15T06:00+00:00Z,10YPL-AREA-----S,MAW,B16,9
2022-01-15T06:00+00:00Z,2022-01-15T07:00+00:00Z,10YPL-AREA-----S,MAW,B16,108
2022-01-15T07:00+00:00Z,2022-01-15T08:00+00:00Z,10YPL-AREA-----S,MAW,B16,602
2022-01-15T08:00+00:00Z,2022-01-15T09:00+00:00Z,10YPL-AREA-----S,MAW,B16,1190
2022-01-15T09:00+00:00Z,2022-01-15T10:00+00:00Z,10YPL-AREA-----S,MAW,B16,1476
2022-01-15T10:00+00:00Z,2022-01-15T11:00+00:00Z,10YPL-AREA-----S,MAW,B16,1487
2022-01-15T11:00+00:00Z,2022-01-15T12:00+00:00Z,10YPL-AREA-----S,MAW,B16,1303
2022-01-15T12:00+00:00Z,2022-01-15T13:00+00:00Z,10YPL-AREA-----S,MAW,B16,914
2022-01-15T13:00+00:00Z,2022-01-15T14:00+00:00Z,10YPL-AREA-----S,MAW,B16,368
2022-01-15T14:00+00:00Z,2022-01-15T15:00+00:00Z,10YPL-AREA-----S,MAW,B16,32
2022-01-15T15:00+00:00Z,2022-01-15T16:00+00:00Z,10YPL-AREA-----S,MAW,B16,0
2022-01-15T16:00+00:00Z,2022-01-15T17:00+00:00Z,10YPL-AREA-----S,MAW,B16,0
2022-01-15T17:00+00:00Z,2022-01-15T18:00+00:00Z,10YPL-AREA-----S,MAW,B16,0
2022-01-15T18:00+00:00Z,2022-01-15T19:00+00:00Z,10YPL-AREA-----S,MAW,B16,0
2022-01-15T19:00+00:00Z,2022-01-15T20:00+00:00Z,10YPL-AREA-----S,MAW,B16,0
2022-01-15T20:00+00:00Z,2022-01-15T21:00+00:00Z,10YPL-AREA-----S,MAW,B16,0
2022-01-15T21:00+00:00Z,2022-01-15T22:00+00:00Z,10YPL-AREA-----S,MAW,B16,0
2022-01-15T22:00+00:00Z,2022-01-15T23:00+00:00Z,10YPL-AREA-----S,MAW,B16,0
2022-01-15T23:00+00:00Z,2022-01-16T00:00+00:00Z,10YPL-AREA-----S,MAW,B16,0
2022-01-16T00:00+00:00Z,2022-01-16T01:00+00:00Z,10YPL-AREA-----S,MAW,B16,0
2022-01-16T01:00+00:00Z,2022-01-16T02:00+00:00Z,10YPL-AREA-----S,MAW,B16,0
2022-01-16T02:00+00:00Z,2022-01-16T03:00+00:00Z,10YPL-AREA-----S,MAW,B16,0
2022-01-16T03:00+00:00Z,2022-01-16T04:00+00:00Z,10YPL-AREA-----S,MAW,B16,0
2022-01-16T04:00+00:00Z,2022-01-16T05:00+00:00Z,10YPL-AREA-----S,MAW,B16,0
2022-01-16T05:00+00:00Z,2022-01-16T06:00+00:00Z,10YPL-AREA-----S,MAW,B16,4
2022-01-16T06:00+00:00Z,2022-01-16T07:00+00:00Z,10YPL-AREA-----S,MAW,B16,138
2022-01-16T07:00+00:00Z,2022-01-16T08:00+00:00Z,10YPL-AREA-----S,MAW,B16,460
2022-01-16T08:00+00:00Z,2022-01-16T09:00+00:00Z,10YPL-AREA-----S,MAW,B16,825
2022-01-16T09:00+00:00Z,2022-01-16T10:00+00:00Z,10YPL-AREA-----S,MAW,B16,1147
2022-01-16T10:00+00:00Z,2022-01-16T11:00+00:00Z,10YPL-AREA-----S,MAW,B16,1229
2022-01-16T11:00+00:00Z,2022-01-16T12:00+00:00Z,10YPL-AREA-----S,MAW,B16,923
2022-01-16T12:00+00:00Z,2022-01-16T13:00+00:00Z,10YPL-AREA-----S,MAW,B16,560
2022-01-16T13:00+00:00Z,2022-01-16T14:00+00:00Z,10YPL-AREA-----S,MAW,B16,313
2022-01-16T14:00+00:00Z,2022-01-16T15:00+00:00Z,10YPL-AREA-----S,MAW,B16,43
2022-01-16T15:00+00:00Z,2022-01-16T16:00+00:00Z,10YPL-AREA-----S,MAW,B16,0
2022-01-16T16:00+00:00Z,2022-01-16T17:00+00:00Z,10YPL-AREA-----S,MAW,B16,0
2022-01-16T17:00+00:00Z,2022-01-16T18:00+00:00Z,10YPL-AREA-----S,MAW,B16,0
2022-01-16T18:00+00:00Z,2022-01-16T19:00+00:00Z,10YPL-AREA-----S,MAW,B16,0
2022-01-16T19:00+00:00Z,2022-01-16T20:00+00:00Z,10YPL-AREA-----S,MAW,B16,0
2022-01-16T20:00+00:00Z,2022-01-16T21:00+00:00Z,10YPL-AREA-----S,MAW,B16,0
2022-01-16T21:00+00:00Z,2022-01-16T22:00+00:00Z,10YPL-AREA-----S,MAW,B16,0
2022-01-16T22:00+00:00Z,2022-01-16T23:00+00:00Z,10YPL-AREA-----S,MAW,B16,0
2022-01-16T23:00+00:00Z,2022-01-17T00:00+00:00Z,10YPL-AREA-----S,MAW,B16,0
2022-01-17T00:00+00:00Z,2022-01-17T01:00+00:00Z,10YPL-AREA-----S,MAW,B16,0
2022-01-17T01:00+00:00Z,2022-01-17T02:00+00:00Z,10YPL-AREA-----S,MAW,B16,0
2022-01-17T02:00+00:00Z,2022-01-17T03:00+00:00Z,10YPL-AREA-----S,MAW,B16,0
2022-01-17T03:00+00:00Z,2022-01-17T04:00+00:00Z,10YPL-AREA-----S,MAW,B16,0
2022-01-17T04:00+00:00Z,2022-01-17T05:00+00:00Z,10YPL-AREA-----S,MAW,B16,0
2022-01-17T05:00+00:00Z,2022-01-17T06:00+00:00Z,10YPL-AREA-----S,MAW,B16,1
2022-01-17T06:00+00:00Z,2022-01-17T07:00+00:00Z,10YPL-AREA-----S,MAW,B16,39
2022-01-17T07:00+00:00Z,2022-01-17T08:00+00:00Z,10YPL-AREA-----S,MAW,B16,133
2022-01-17T08:00+00:00Z,2022-01-17T09:00+00:00Z,10YPL-AREA-----S,MAW,B16,339
2022-01-17T09:00+00:00Z,2022-01-17T10:00+00:00Z,10YPL-AREA-----S,MAW,B16,589
2022-01-17T10:00+00:00Z,2022-01-17T11:00+00:00Z,10YPL-AREA-----S,MAW,B16,739
2022-01-17T11:00+00:00Z,2022-01-17T12:00+00:00Z,10YPL-AREA-----S,MAW,B16,929
2022-01-17T12:00+00:00Z,2022-01-17T13:00+00:00Z,10YPL-AREA-----S,MAW,B16,732
2022-01-17T13:00+00:00Z,2022-01-17T14:00+00:00Z,10YPL-AREA-----S,MAW,B16,278
2022-01-17T14:00+00:00Z,2022-01-17T15:00+00:00Z,10YPL-AREA-----S,MAW,B16,26
2022-01-17T15:00+00:00Z,2022-01-17T16:00+00:00Z,10YPL-AREA-----S,MAW,B16,0
2022-01-17T16:00+00:00Z,2022-01-17T17:00+00:00Z,10YPL-AREA-----S,MAW,B16,0
2022-01-17T17:00+00:00Z,2022-01-17T18:00+00:00Z,10YPL-AREA-----S,MAW,B16,0
2022-01-17T18:00+00:00Z,2022-01-17T19:00+00:00Z,10YPL-AREA-----S,MAW,B16,0
2022-01-17T19:00+00:00Z,2022-01-17T20:00+00:00Z,10YPL-AREA-----S,MAW,B16,0
2022-01-17T20:00+00:00Z,2022-01-17T21:00+00:00Z,10YPL-AREA-----S,MAW,B16,0
2022-01-17T21:00+00:00Z,2022-01-17T22:00+00:00Z,10YPL-AREA-----S,MAW,B16,0
2022-01-17T22:00+00:00Z,2022-01-17T23:00+00:00Z,10YPL-AREA-----S,MAW,B16,0
2022-01-17T23:00+00:00Z,2022-01-18T00:00+00:00Z,10YPL-AREA-----S,MAW,B16,0
2022-01-18T00:00+00:00Z,2022-01-18T01:00+00:00Z,10YPL-AREA-----S,MAW,B16,0
2022-01-18T01:00+00:00Z,2022-01-18T02:00+00:00Z,10YPL-AREA-----S,MAW,B16,0
2022-01-18T02:00+00:00Z,2022-01-18T03:00+00:00Z,10YPL-AREA-----S,MAW,B16,0
2022-01-18T03:00+00:00Z,2022-01-18T04:00+00:00Z,10YPL-AREA-----S,MAW,B16,0
2022-01-18T04:00+00:00Z,2022-01-18T05:00+00:00Z,10YPL-AREA-----S,MAW,B16,0
2022-01-18T05:00+00:00Z,2022-01-18T06:00+00:00Z,10YPL-AREA-----S,MAW,B16,9
2022-01-18T06:00+00:00Z,2022-01-18T07:00+00:00Z,10YPL-AREA-----S,MAW,B16,126
2022-01-18T07:00+00:00Z,2022-01-18T08:00+00:00Z,10YPL-AREA-----S,MAW,B16,563
2022-01-18T08:00+00:00Z,2022-01-18T09:00+00:00Z,10YPL-AREA-----S,MAW,B16,956
2022-01-18T09:00+00:00Z,2022-01-18T10:00+00:00Z,10YPL-AREA-----S,MAW,B16,1186
2022-01-18T10:00+00:00Z,2022-01-18T11:00+00:00Z,10YPL-AREA-----S,MAW,B16,1250
2022-01-18T11:00+00:00Z,2022-01-18T12:00+00:00Z,10YPL-AREA-----S,MAW,B16,1142
2022-01-18T12:00+00:00Z,2022-01-18T13:00+00:00Z,10YPL-AREA-----S,MAW,B16,826
2022-01-18T13:00+00:00Z,2022-01-18T14:00+00:00Z,10YPL-AREA-----S,MAW,B16,345
2022-01-18T14:00+00:00Z,2022-01-18T15:00+00:00Z,10YPL-AREA-----S,MAW,B16,27
2022-01-18T15:00+00:00Z,2022-01-18T16:00+00:00Z,10YPL-AREA-----S,MAW,B16,0
2022-01-18T16:00+00:00Z,2022-01-18T17:00+00:00Z,10YPL-AREA-----S,MAW,B16,0
2022-01-18T17:00+00:00Z,2022-01-18T18:00+00:00Z,10YPL-AREA-----S,MAW,B16,0
2022-01-18T18:00+00:00Z,2022-01-18T19:00+00:00Z,10YPL-AREA-----S,MAW,B16,0
2022-01-18T19:00+00:00Z,2022-01-18T20:00+00:00Z,10YPL-AREA-----S,MAW,B16,0
2022-01-18T20:00+00:00Z,2022-01-18T21:00+00:00Z,10YPL-AREA-----S,MAW,B16,0
2022-01-18T21:00+00:00Z,2022-01-18T22:00+00:00Z,10YPL-AREA-----S,MAW,B16,0
2022-01-18T22:00+00:00Z,2022-01-18T23:00+00:00Z,10YPL-AREA-----S,MAW,B16,0
2022-01-18T23:00+00:00Z,2022-01-19T00:00+00:00Z,10YPL-AREA-----S,MAW,B16,0
2022-01-19T00:00+00:00Z,2022-01-19T01:00+00:00Z,10YPL-AREA-----S,MAW,B16,0
2022-01-19T01:00+00:00Z,2022-01-19T02:00+00:00Z,10YPL-AREA-----S,MAW,B16,0
2022-01-19T02:00+00:00Z,2022-01-19T03:00+00:00Z,10YPL-AREA-----S,MAW,B16,0
2022-01-19T03:00+00:00Z,2022-01-19T04:00+00:00Z,10YPL-AREA-----S,MAW,B16,0
2022-01-19T04:00+00:00Z,2022-01-19T05:00+00:00Z,10YPL-AREA-----S,MAW,B16,0
2022-01-19T05:00+00:00Z,2022-01-19T06:00+00:00Z,10YPL-AREA-----S,MAW,B16,4
2022-01-19T06:00+00:00Z,2022-01-19T07:00+00:00Z,10YPL-AREA-----S,MAW,B16,93
2022-01-19T07:00+00:00Z,2022-01-19T08:00+00:00Z,10YPL-AREA-----S,MAW,B16,417
2022-01-19T08:00+00:00Z,2022-01-19T09:00+00:00Z,10YPL-AREA-----S,MAW,B16,769
2022-01-19T09:00+00:00Z,2022-01-19T10:00+00:00Z,10YPL-AREA-----S,MAW,B16,1016
2022-01-19T10:00+00:00Z,2022-01-19T11:00+00:00Z,10YPL-AREA-----S,MAW,B16,1128
2022-01-19T11:00+00:00Z,2022-01-19T12:00+00:00Z,10YPL-AREA-----S,MAW,B16,1090
2022-01-19T12:00+00:00Z,2022-01-19T13:00+00:00Z,10YPL-AREA-----S,MAW,B16,855
2022-01-19T13:00+00:00Z,2022-01-19T14:00+00:00Z,10YPL-AREA-----S,MAW,B16,395
2022-01-19T14:00+00:00Z,2022-01-19T15:00+00:00Z,10YPL-AREA-----S,MAW,B16,49
2022-01-19T15:00+00:00Z,2022-01-19T16:00+00:00Z,10YPL-AREA-----S,MAW,B16,0
2022-01-19T16:00+00:00Z,2022-01-19T17:00+00:00Z,10YPL-AREA-----S,MAW,B16,0
2022-01-19T17:00+00:00Z,2022-01-19T18:00+00:00Z,10YPL-AREA-----S,MAW,B16,0
2022-01-19T18:00+00:00Z,2022-01-19T19:00+00:00Z,10YPL-AREA-----S,MAW,B16,0
2022-01-19T19:00+00:00Z,2022-01-19T20:00+00:00Z,10YPL-AREA-----S,MAW,B16,0
2022-01-19T20:00+00:00Z,2022-01-19T21:00+00:00Z,10YPL-AREA-----S,MAW,B16,0
2022-01-19T21:00+00:00Z,2022-01-19T22:00+00:00Z,10YPL-AREA-----S,MAW,B16,0
2022-01-19T22:00+00:00Z,2022-01-19T23:00+00:00Z,10YPL-AREA-----S,MAW,B16,0
2022-01-19T23:00+00:00Z,2022-01-20T00:00+00:00Z,10YPL-AREA-----S,MAW,B16,0
2022-01-20T00:00+00:00Z,2022-01-20T01:00+00:00Z,10YPL-AREA-----S,MAW,B16,0
2022-01-20T01:00+00:00Z,2022-01-20T02:00+00:00Z,10YPL-AREA-----S,MAW,B16,0
2022-01-20T02:00+00:00Z,2022-01-20T03:00+00:00Z,10YPL-AREA-----S,MAW,B16,0
2022-01-20T03:00+00:00Z,2022-01-20T04:00+00:00Z,10YPL-AREA-----S,MAW,B16,0
2022-01-20T04:00+00:00Z,2022-01-20T05:00+00:00Z,10YPL-AREA-----S,MAW,B16,0
2022-01-20T05:00+00:00Z,2022-01-20T06:00+00:00Z,10YPL-AREA-----S,MAW,B16,3
2022-01-20T06:00+00:00Z,2022-01-20T07:00+00:00Z,10YPL-AREA-----S,MAW,B16,94
2022-01-20T07:00+00:00Z,2022-01-20T08:00+00:00Z,10YPL-AREA-----S,MAW,B16,343
2022-01-20T08:00+00:00Z,2022-01-20T09:00+00:00Z,10YPL-AREA-----S,MAW,B16,748
2022-01-20T09:00+00:00Z,2022-01-20T10:00+00:00Z,10YPL-AREA-----S,MAW,B16,1175
2022-01-20T10:00+00:00Z,2022-01-20T11:00+00:00Z,10YPL-AREA-----S,MAW,B16,983
2022-01-20T11:00+00:00Z,2022-01-20T12:00+00:00Z,10YPL-AREA-----S,MAW,B16,837
2022-01-20T12:00+00:00Z,2022-01-20T13:00+00:00Z,10YPL-AREA-----S,MAW,B16,740
2022-01-20T13:00+00:00Z,2022-01-20T14:00+00:00Z,10YPL-AREA-----S,MAW,B16,305
2022-01-20T14:00+00:00Z,2022-01-20T15:00+00:00Z,10YPL-AREA-----S,MAW,B16,50
2022-01-20T15:00+00:00Z,2022-01-20T16:00+00:00Z,10YPL-AREA-----S,MAW,B16,0
2022-01-20T16:00+00:00Z,2022-01-20T17:00+00:00Z,10YPL-AREA-----S,MAW,B16,0
2022-01-20T17:00+00:00Z,2022-01-20T18:00+00:00Z,10YPL-AREA-----S,MAW,B16,0
2022-01-20T18:00+00:00Z,2022-01-20T19:00+00:00Z,10YPL-AREA-----S,MAW,B16,0
2022-01-20T19:00+00:00Z,2022-01-20T20:00+00:00Z,10YPL-AREA-----S,MAW,B16,0
2022-01-20T20:00+00:00Z,2022-01-20T21:00+00:00Z,10YPL-AREA-----S,MAW,B16,0
2022-01-20T21:00+00:00Z,2022-01-20T22:00+00:00Z,10YPL-AREA-----S,MAW,B16,0
2022-01-20T22:00+00:00Z,2022-01-20T23:00+00:00Z,10YPL-AREA-----S,MAW,B16,0
2022-01-20T23:00+00:00Z,2022-01-21T00:00+00:00Z,10YPL-AREA-----S,MAW,B16,0
2022-01-21T00:00+00:00Z,2022-01-21T01:00+00:00Z,10YPL-AREA-----S,MAW,B16,0
2022-01-21T01:00+00:00Z,2022-01-21T02:00+00:00Z,10YPL-AREA-----S,MAW,B16,0
2022-01-21T02:00+00:00Z,2022-01-21T03:00+00:00Z,10YPL-AREA-----S,MAW,B16,0
2022-01-21T03:00+00:00Z,2022-01-21T04:00+00:00Z,10YPL-AREA-----S,MAW,B16,0
2022-01-21T04:00+00:00Z,2022-01-21T05:00+00:00Z,10YPL-AREA-----S,MAW,B16,0
2022-01-21T05:00+00:00Z,2022-01-21T06:00+00:00Z,10YPL-AREA-----S,MAW,B16,9
2022-01-21T06:00+00:00Z,2022-01-21T07:00+00:00Z,10YPL-AREA-----S,MAW,B16,113
2022-01-21T07:00+00:00Z,2022-01-21T08:00+00:00Z,10YPL-AREA-----S,MAW,B16,467
2022-01-21T08:00+00:00Z,2022-01-21T09:00+00:00Z,10YPL-AREA-----S,MAW,B16,854
2022-01-21T09:00+00:00Z,2022-01-21T10:00+00:00Z,10YPL-AREA-----S,MAW,B16,1091
2022-01-21T10:00+00:00Z,2022-01-21T11:00+00:00Z,10YPL-AREA-----S,MAW,B16,1106
2022-01-21T11:00+00:00Z,2022-01-21T12:00+00:00Z,10YPL-AREA-----S,MAW,B16,866
2022-01-21T12:00+00:00Z,2022-01-21T13:00+00:00Z,10YPL-AREA-----S,MAW,B16,598
2022-01-21T13:00+00:00Z,2022-01-21T14:00+00:00Z,10YPL-AREA-----S,MAW,B16,300
2022-01-21T14:00+00:00Z,2022-01-21T15:00+00:00Z,10YPL-AREA-----S,MAW,B16,45
2022-01-21T15:00+00:00Z,2022-01-21T16:00+00:00Z,10YPL-AREA-----S,MAW,B16,0
2022-01-21T16:00+00:00Z,2022-01-21T17:00+00:00Z,10YPL-AREA-----S,MAW,B16,0
2022-01-21T17:00+00:00Z,2022-01-21T18:00+00:00Z,10YPL-AREA-----S,MAW,B16,0
2022-01-21T18:00+00:00Z,2022-01-21T19:00+00:00Z,10YPL-AREA-----S,MAW,B16,0
2022-01-21T19:00+00:00Z,2022-01-21T20:00+00:00Z,10YPL-AREA-----S,MAW,B16,0
2022-01-21T20:00+00:00Z,2022-01-21T21:00+00:00Z,10YPL-AREA-----S,MAW,B16,0
2022-01-21T21:00+00:00Z,2022-01-21T22:00+00:00Z,10YPL-AREA-----S,MAW,B16,0
2022-01-21T22:00+00:00Z,2022-01-21T23:00+00:00Z,10YPL-AREA-----S,MAW,B16,0
2022-01-21T23:00+00:00Z,2022-01-22T00:00+00:00Z,10YPL-AREA-----S,MAW,B16,0
2022-01-22T00:00+00:00Z,2022-01-22T01:00+00:00Z,10YPL-AREA-----S,MAW,B16,0
2022-01-22T01:00+00:00Z,2022-01-22T02:00+00:00Z,10YPL-AREA-----S,MAW,B16,0
2022-01-22T02:00+00:00Z,2022-01-22T03:00+00:00Z,10YPL-AREA-----S,MAW,B16,0
2022-01-22T03:00+00:00Z,2022-01-22T04:00+00:00Z,10YPL-AREA-----S,MAW,B16,0
2022-01-22T04:00+00:00Z,2022-01-22T05:00+00:00Z,10YPL-AREA-----S,MAW,B16,0
2022-01-22T05:00+00:00Z,2022-01-22T06:00+00:00Z,10YPL-AREA-----S,MAW,B16,8
2022-01-22T06:00+00:00Z,2022-01-22T07:00+00:00Z,10YPL-AREA-----S,MAW,B16,110
2022-01-22T07:00+00:00Z,2022-01-22T08:00+00:00Z,10YPL-AREA-----S,MAW,B16,432
2022-01-22T08:00+00:00Z,2022-01-22T09:00+00:00Z,10YPL-AREA-----S,MAW,B16,827
2022-01-22T09:00+00:00Z,2022-01-22T10:00+00:00Z,10YPL-AREA-----S,MAW,B16,1022
2022-01-22T10:00+00:00Z,2022-01-22T11:00+00:00Z,10YPL-AREA-----S,MAW,B16,1107
2022-01-22T11:00+00:00Z,2022-01-22T12:00+00:00Z,10YPL-AREA-----S,MAW,B16,1071
2022-01-22T12:00+00:00Z,2022-01-22T13:00+00:00Z,10YPL-AREA-----S,MAW,B16,706
2022-01-22T13:00+00:00Z,2022-01-22T14:00+00:00Z,10YPL-AREA-----S,MAW,B16,349
2022-01-22T14:00+00:00Z,2022-01-22T15:00+00:00Z,10YPL-AREA-----S,MAW,B16,60
2022-01-22T15:00+00:00Z,2022-01-22T16:00+00:00Z,10YPL-AREA-----S,MAW,B16,0
2022-01-22T16:00+00:00Z,2022-01-22T17:00+00:00Z,10YPL-AREA-----S,MAW,B16,0
2022-01-22T17:00+00:00Z,2022-01-22T18:00+00:00Z,10YPL-AREA-----S,MAW,B16,0
2022-01-22T18:00+00:00Z,2022-01-22T19:00+00:00Z,10YPL-AREA-----S,MAW,B16,0
2022-01-22T19:00+00:00Z,2022-01-22T20:00+00:00Z,10YPL-AREA-----S,MAW,B16,0
2022-01-22T20:00+00:00Z,2022-01-22T21:00+00:00Z,10YPL-AREA-----S,MAW,B16,0
2022-01-22T21:00+00:00Z,2022-01-22T22:00+00:00Z,10YPL-AREA-----S,MAW,B16,0
2022-01-22T22:00+00:00Z,2022-01-22T23:00+00:00Z,10YPL-AREA-----S,MAW,B16,0
2022-01-22T23:00+00:00Z,2022-01-23T00:00+00:00Z,10YPL-AREA-----S,MAW,B16,0
2022-01-23T00:00+00:00Z,2022-01-23T01:00+00:00Z,10YPL-AREA-----S,MAW,B16,0
2022-01-23T01:00+00:00Z,2022-01-23T02:00+00:00Z,10YPL-AREA-----S,MAW,B16,0
2022-01-23T02:00+00:00Z,2022-01-23T03:00+00:00Z,10YPL-AREA-----S,MAW,B16,0
2022-01-23T03:00+00:00Z,2022-01-23T04:00+00:00Z,10YPL-AREA-----S,MAW,B16,0
2022-01-23T04:00+00:00Z,2022-01-23T05:00+00:00Z,10YPL-AREA-----S,MAW,B16,0
2022-01-23T05:00+00:00Z,2022-01-23T06:00+00:00Z,10YPL-AREA-----S,MAW,B16,9
2022-01-23T06:00+00:00Z,2022-01-23T07:00+00:00Z,10YPL-AREA-----S,MAW,B16,92
2022-01-23T07:00+00:00Z,2022-01-23T08:00+00:00Z,10YPL-AREA-----S,MAW,B16,336
2022-01-23T08:00+00:00Z,2022-01-23T09:00+00:00Z,10YPL-AREA-----S,MAW,B16,701
2022-01-23T09:00+00:00Z,2022-01-23T10:00+00:00Z,10YPL-AREA-----S,MAW,B16,1025
2022-01-23T10:00+00:00Z,2022-01-23T11:00+00:00Z,10YPL-AREA-----S,MAW,B16,1051
2022-01-23T11:00+00:00Z,2022-01-23T12:00+00:00Z,10YPL-AREA-----S,MAW,B16,946
2022-01-23T12:00+00:00Z,2022-01-23T13:00+00:00Z,10YPL-AREA-----S,MAW,B16,667
2022-01-23T13:00+00:00Z,2022-01-23T14:00+00:00Z,10YPL-AREA-----S,MAW,B16,323
2022-01-23T14:00+00:00Z,2022-01-23T15:00+00:00Z,10YPL-AREA-----S,MAW,B16,55
2022-01-23T15:00+00:00Z,2022-01-23T16:00+00:00Z,10YPL-AREA-----S,MAW,B16,0
2022-01-23T16:00+00:00Z,2022-01-23T17:00+00:00Z,10YPL-AREA-----S,MAW,B16,0
2022-01-23T17:00+00:00Z,2022-01-23T18:00+00:00Z,10YPL-AREA-----S,MAW,B16,0
2022-01-23T18:00+00:00Z,2022-01-23T19:00+00:00Z,10YPL-AREA-----S,MAW,B16,0
2022-01-23T19:00+00:00Z,2022-01-23T20:00+00:00Z,10YPL-AREA-----S,MAW,B16,0
2022-01-23T20:00+00:00Z,2022-01-23T21:00+00:00Z,10YPL-AREA-----S,MAW,B16,0
2022-01-23T21:00+00:00Z,2022-01-23T22:00+00:00Z,10YPL-AREA-----S,MAW,B16,0
2022-01-23T22:00+00:00Z,2022-01-23T23:00+00:00Z,10YPL-AREA-----S,MAW,B16,0
2022-01-23T23:00+00:00Z,2022-01-24T00:00+00:00Z,10YPL-AREA-----S,MAW,B16,0
2022-01-24T00:00+00:00Z,2022-01-24T01:00+00:00Z,10YPL-AREA-----S,MAW,B16,0
2022-01-24T01:00+00:00Z,2022-01-24T02:00+00:00Z,10YPL-AREA-----S,MAW,B16,0
2022-01-24T02:00+00:00Z,2022-01-24T03:00+00:00Z,10YPL-AREA-----S,MAW,B16,0
2022-01-24T03:00+00:00Z,2022-01-24T04:00+00:00Z,10YPL-AREA-----S,MAW,B16,0
2022-01-24T04:00+00:00Z,2022-01-24T05:00+00:00Z,10YPL-AREA-----S,MAW,B16,0
2022-01-24T05:00+00:00Z,2022-01-24T06:00+00:00Z,10YPL-AREA-----S,MAW,B16,15
2022-01-24T06:00+00:00Z,2022-01-24T07:00+00:00Z,10YPL-AREA-----S,MAW,B16,151
2022-01-24T07:00+00:00Z,2022-01-24T08:00+00:00Z,10YPL-AREA-----S,MAW,B16,544
2022-01-24T08:00+00:00Z,2022-01-24T09:00+00:00Z,10YPL-AREA-----S,MAW,B16,935
2022-01-24T09:00+00:00Z,2022-01-24T10:00+00:00Z,10YPL-AREA-----S,MAW,B16,1218
2022-01-24T10:00+00:00Z,2022-01-24T11:00+00:00Z,10YPL-AREA-----S,MAW,B16,1179
2022-01-24T11:00+00:00Z,2022-01-24T12:00+00:00Z,10YPL-AREA-----S,MAW,B16,1004
2022-01-24T12:00+00:00Z,2022-01-24T13:00+00:00Z,10YPL-AREA-----S,MAW,B16,747
2022-01-24T13:00+00:00Z,2022-01-24T14:00+00:00Z,10YPL-AREA-----S,MAW,B16,388
2022-01-24T14:00+00:00Z,2022-01-24T15:00+00:00Z,10YPL-AREA-----S,MAW,B16,78
2022-01-24T15:00+00:00Z,2022-01-24T16:00+00:00Z,10YPL-AREA-----S,MAW,B16,0
2022-01-24T16:00+00:00Z,2022-01-24T17:00+00:00Z,10YPL-AREA-----S,MAW,B16,0
2022-01-24T17:00+00:00Z,2022-01-24T18:00+00:00Z,10YPL-AREA-----S,MAW,B16,0
2022-01-24T18:00+00:00Z,2022-01-24T19:00+00:00Z,10YPL-AREA-----S,MAW,B16,0
2022-01-24T19:00+00:00Z,2022-01-24T20:00+00:00Z,10YPL-AREA-----S,MAW,B16,0
2022-01-24T20:00+00:00Z,2022-01-24T21:00+00:00Z,10YPL-AREA-----S,MAW,B16,0
2022-01-24T21:00+00:00Z,2022-01-24T22:00+00:00Z,10YPL-AREA-----S,MAW,B16,0
2022-01-24T22:00+00:00Z,2022-01-24T23:00+00:00Z,10YPL-AREA-----S,MAW,B16,0
2022-01-24T23:00+00:00Z,2022-01-25T00:00+00:00Z,10YPL-AREA-----S,MAW,B16,0
2022-01-25T00:00+00:00Z,2022-01-25T01:00+00:00Z,10YPL-AREA-----S,MAW,B16,0
2022-01-25T01:00+00:00Z,2022-01-25T02:00+00:00Z,10YPL-AREA-----S,MAW,B16,0
2022-01-25T02:00+00:00Z,2022-01-25T03:00+00:00Z,10YPL-AREA-----S,MAW,B16,0
2022-01-25T03:00+00:00Z,2022-01-25T04:00+00:00Z,10YPL-AREA-----S,MAW,B16,0
2022-01-25T04:00+00:00Z,2022-01-25T05:00+00:00Z,10YPL-AREA-----S,MAW,B16,0
2022-01-25T05:00+00:00Z,2022-01-25T06:00+00:00Z,10YPL-AREA-----S,MAW,B16,4
2022-01-25T06:00+00:00Z,2022-01-25T07:00+00:00Z,10YPL-AREA-----S,MAW,B16,56
2022-01-25T07:00+00:00Z,2022-01-25T08:00+00:00Z,10YPL-AREA-----S,MAW,B16,218
2022-01-25T08:00+00:00Z,2022-01-25T09:00+00:00Z,10YPL-AREA-----S,MAW,B16,433
2022-01-25T09:00+00:00Z,2022-01-25T10:00+00:00Z,10YPL-AREA-----S,MAW,B16,569
2022-01-25T10:00+00:00Z,2022-01-25T11:00+00:00Z,10YPL-AREA-----S,MAW,B16,618
2022-01-25T11:00+00:00Z,2022-01-25T12:00+00:00Z,10YPL-AREA-----S,MAW,B16,572
2022-01-25T12:00+00:00Z,2022-01-25T13:00+00:00Z,10YPL-AREA-----S,MAW,B16,410
2022-01-25T13:00+00:00Z,2022-01-25T14:00+00:00Z,10YPL-AREA-----S,MAW,B16,197
2022-01-25T14:00+00:00Z,2022-01-25T15:00+00:00Z,10YPL-AREA-----S,MAW,B16,34
2022-01-25T15:00+00:00Z,2022-01-25T16:00+00:00Z,10YPL-AREA-----S,MAW,B16,0
2022-01-25T16:00+00:00Z,2022-01-25T17:00+00:00Z,10YPL-AREA-----S,MAW,B16,0
2022-01-25T17:00+00:00Z,2022-01-25T18:00+00:00Z,10YPL-AREA-----S,MAW,B16,0
2022-01-25T18:00+00:00Z,2022-01-25T19:00+00:00Z,10YPL-AREA-----S,MAW,B16,0
2022-01-25T19:00+00:00Z,2022-01-25T20:00+00:00Z,10YPL-AREA-----S,MAW,B16,0
2022-01-25T20:00+00:00Z,2022-01-25T21:00+00:00Z,10YPL-AREA-----S,MAW,B16,0
2022-01-25T21:00+00:00Z,2022-01-25T22:00+00:00Z,10YPL-AREA-----S,MAW,B16,0
2022-01-25T22:00+00:00Z,2022-01-25T23:00+00:00Z,10YPL-AREA-----S,MAW,B16,0
2022-01-25T23:00+00:00Z,2022-01-26T00:00+00:00Z,10YPL-AREA-----S,MAW,B16,0
2022-01-26T00:00+00:00Z,2022-01-26T01:00+00:00Z,10YPL-AREA-----S,MAW,B16,0
2022-01-26T01:00+00:00Z,2022-01-26T02:00+00:00Z,10YPL-AREA-----S,MAW,B16,0
2022-01-26T02:00+00:00Z,2022-01-26T03:00+00:00Z,10YPL-AREA-----S,MAW,B16,0
2022-01-26T03:00+00:00Z,2022-01-26T04:00+00:00Z,10YPL-AREA-----S,MAW,B16,0
2022-01-26T04:00+00:00Z,2022-01-26T05:00+00:00Z,10YPL-AREA-----S,MAW,B16,0
2022-01-26T05:00+00:00Z,2022-01-26T06:00+00:00Z,10YPL-AREA-----S,MAW,B16,6
2022-01-26T06:00+00:00Z,2022-01-26T07:00+00:00Z,10YPL-AREA-----S,MAW,B16,84
2022-01-26T07:00+00:00Z,2022-01-26T08:00+00:00Z,10YPL-AREA-----S,MAW,B16,211
2022-01-26T08:00+00:00Z,2022-01-26T09:00+00:00Z,10YPL-AREA-----S,MAW,B16,374
2022-01-26T09:00+00:00Z,2022-01-26T10:00+00:00Z,10YPL-AREA-----S,MAW,B16,516
2022-01-26T10:00+00:00Z,2022-01-26T11:00+00:00Z,10YPL-AREA-----S,MAW,B16,546
2022-01-26T11:00+00:00Z,2022-01-26T12:00+00:00Z,10YPL-AREA-----S,MAW,B16,453
2022-01-26T12:00+00:00Z,2022-01-26T13:00+00:00Z,10YPL-AREA-----S,MAW,B16,312
2022-01-26T13:00+00:00Z,2022-01-26T14:00+00:00Z,10YPL-AREA-----S,MAW,B16,141
2022-01-26T14:00+00:00Z,2022-01-26T15:00+00:00Z,10YPL-AREA-----S,MAW,B16,28
2022-01-26T15:00+00:00Z,2022-01-26T16:00+00:00Z,10YPL-AREA-----S,MAW,B16,0
2022-01-26T16:00+00:00Z,2022-01-26T17:00+00:00Z,10YPL-AREA-----S,MAW,B16,0
2022-01-26T17:00+00:00Z,2022-01-26T18:00+00:00Z,10YPL-AREA-----S,MAW,B16,0
2022-01-26T18:00+00:00Z,2022-01-26T19:00+00:00Z,10YPL-AREA-----S,MAW,B16,0
2022-01-26T19:00+00:00Z,2022-01-26T20:00+00:00Z,10YPL-AREA-----S,MAW,B16,0
2022-01-26T20:00+00:00Z,2022-01-26T21:00+00:00Z,10YPL-AREA-----S,MAW,B16,0
2022-01-26T21:00+00:00Z,2022-01-26T22:00+00:00Z,10YPL-AREA-----S,MAW,B16,0
2022-01-26T22:00+00:00Z,2022-01-26T23:00+00:00Z,10YPL-AREA-----S,MAW,B16,0
2022-01-26T23:00+00:00Z,2022-01-27T00:00+00:00Z,10YPL-AREA-----S,MAW,B16,0
2022-01-27T00:00+00:00Z,2022-01-27T01:00+00:00Z,10YPL-AREA-----S,MAW,B16,0
2022-01-27T01:00+00:00Z,2022-01-27T02:00+00:00Z,10YPL-AREA-----S,MAW,B16,0
2022-01-27T02:00+00:00Z,2022-01-27T03:00+00:00Z,10YPL-AREA-----S,MAW,B16,0
2022-01-27T03:00+00:00Z,2022-01-27T04:00+00:00Z,10YPL-AREA-----S,MAW,B16,0
2022-01-27T04:00+00:00Z,2022-01-27T05:00+00:00Z,10YPL-AREA-----S,MAW,B16,0
2022-01-27T05:00+00:00Z,2022-01-27T06:00+00:00Z,10YPL-AREA-----S,MAW,B16,7
2022-01-27T06:00+00:00Z,2022-01-27T07:00+00:00Z,10YPL-AREA-----S,MAW,B16,51
2022-01-27T07:00+00:00Z,2022-01-27T08:00+00:00Z,10YPL-AREA-----S,MAW,B16,248
2022-01-27T08:00+00:00Z,2022-01-27T09:00+00:00Z,10YPL-AREA-----S,MAW,B16,383
2022-01-27T09:00+00:00Z,2022-01-27T10:00+00:00Z,10YPL-AREA-----S,MAW,B16,377
2022-01-27T10:00+00:00Z,2022-01-27T11:00+00:00Z,10YPL-AREA-----S,MAW,B16,499
2022-01-27T11:00+00:00Z,2022-01-27T12:00+00:00Z,10YPL-AREA-----S,MAW,B16,456
2022-01-27T12:00+00:00Z,2022-01-27T13:00+00:00Z,10YPL-AREA-----S,MAW,B16,365
2022-01-27T13:00+00:00Z,2022-01-27T14:00+00:00Z,10YPL-AREA-----S,MAW,B16,253
2022-01-27T14:00+00:00Z,2022-01-27T15:00+00:00Z,10YPL-AREA-----S,MAW,B16,40
2022-01-27T15:00+00:00Z,2022-01-27T16:00+00:00Z,10YPL-AREA-----S,MAW,B16,0
2022-01-27T16:00+00:00Z,2022-01-27T17:00+00:00Z,10YPL-AREA-----S,MAW,B16,0
2022-01-27T17:00+00:00Z,2022-01-27T18:00+00:00Z,10YPL-AREA-----S,MAW,B16,0
2022-01-27T18:00+00:00Z,2022-01-27T19:00+00:00Z,10YPL-AREA-----S,MAW,B16,0
2022-01-27T19:00+00:00Z,2022-01-27T20:00+00:00Z,10YPL-AREA-----S,MAW,B16,0
2022-01-27T20:00+00:00Z,2022-01-27T21:00+00:00Z,10YPL-AREA-----S,MAW,B16,0
2022-01-27T21:00+00:00Z,2022-01-27T22:00+00:00Z,10YPL-AREA-----S,MAW,B16,0
2022-01-27T22:00+00:00Z,2022-01-27T23:00+00:00Z,10YPL-AREA-----S,MAW,B16,0
2022-01-27T23:00+00:00Z,2022-01-28T00:00+00:00Z,10YPL-AREA-----S,MAW,B16,0
2022-01-28T00:00+00:00Z,2022-01-28T01:00+00:00Z,10YPL-AREA-----S,MAW,B16,0
2022-01-28T01:00+00:00Z,2022-01-28T02:00+00:00Z,10YPL-AREA-----S,MAW,B16,0
2022-01-28T02:00+00:00Z,2022-01-28T03:00+00:00Z,10YPL-AREA-----S,MAW,B16,0
2022-01-28T03:00+00:00Z,2022-01-28T04:00+00:00Z,10YPL-AREA-----S,MAW,B16,0
2022-01-28T04:00+00:00Z,2022-01-28T05:00+00:00Z,10YPL-AREA-----S,MAW,B16,0
2022-01-28T05:00+00:00Z,2022-01-28T06:00+00:00Z,10YPL-AREA-----S,MAW,B16,8
2022-01-28T06:00+00:00Z,2022-01-28T07:00+00:00Z,10YPL-AREA-----S,MAW,B16,60
2022-01-28T07:00+00:00Z,2022-01-28T08:00+00:00Z,10YPL-AREA-----S,MAW,B16,197
2022-01-28T08:00+00:00Z,2022-01-28T09:00+00:00Z,10YPL-AREA-----S,MAW,B16,379
2022-01-28T09:00+00:00Z,2022-01-28T10:00+00:00Z,10YPL-AREA-----S,MAW,B16,512
2022-01-28T10:00+00:00Z,2022-01-28T11:00+00:00Z,10YPL-AREA-----S,MAW,B16,559
2022-01-28T11:00+00:00Z,2022-01-28T12:00+00:00Z,10YPL-AREA-----S,MAW,B16,535
2022-01-28T12:00+00:00Z,2022-01-28T13:00+00:00Z,10YPL-AREA-----S,MAW,B16,514
2022-01-28T13:00+00:00Z,2022-01-28T14:00+00:00Z,10YPL-AREA-----S,MAW,B16,334
2022-01-28T14:00+00:00Z,2022-01-28T15:00+00:00Z,10YPL-AREA-----S,MAW,B16,91
2022-01-28T15:00+00:00Z,2022-01-28T16:00+00:00Z,10YPL-AREA-----S,MAW,B16,0
2022-01-28T16:00+00:00Z,2022-01-28T17:00+00:00Z,10YPL-AREA-----S,MAW,B16,0
2022-01-28T17:00+00:00Z,2022-01-28T18:00+00:00Z,10YPL-AREA-----S,MAW,B16,0
2022-01-28T18:00+00:00Z,2022-01-28T19:00+00:00Z,10YPL-AREA-----S,MAW,B16,0
2022-01-28T19:00+00:00Z,2022-01-28T20:00+00:00Z,10YPL-AREA-----S,MAW,B16,0
2022-01-28T20:00+00:00Z,2022-01-28T21:00+00:00Z,10YPL-AREA-----S,MAW,B16,0
2022-01-28T21:00+00:00Z,2022-01-28T22:00+00:00Z,10YPL-AREA-----S,MAW,B16,0
2022-01-28T22:00+00:00Z,2022-01-28T23:00+00:00Z,10YPL-AREA-----S,MAW,B16,0
2022-01-28T23:00+00:00Z,2022-01-29T00:00+00:00Z,10YPL-AREA-----S,MAW,B16,0
2022-01-29T00:00+00:00Z,2022-01-29T01:00+00:00Z,10YPL-AREA-----S,MAW,B16,0
2022-01-29T01:00+00:00Z,2022-01-29T02:00+00:00Z,10YPL-AREA-----S,MAW,B16,0
2022-01-29T02:00+00:00Z,2022-01-29T03:00+00:00Z,10YPL-AREA-----S,MAW,B16,0
2022-01-29T03:00+00:00Z,2022-01-29T04:00+00:00Z,10YPL-AREA-----S,MAW,B16,0
2022-01-29T04:00+00:00Z,2022-01-29T05:00+00:00Z,10YPL-AREA-----S,MAW,B16,0
2022-01-29T05:00+00:00Z,2022-01-29T06:00+00:00Z,10YPL-AREA-----S,MAW,B16,27
2022-01-29T06:00+00:00Z,2022-01-29T07:00+00:00Z,10YPL-AREA-----S,MAW,B16,252
2022-01-29T07:00+00:00Z,2022-01-29T08:00+00:00Z,10YPL-AREA-----S,MAW,B16,743
2022-01-29T08:00+00:00Z,2022-01-29T09:00+00:00Z,10YPL-AREA-----S,MAW,B16,1051
2022-01-29T09:00+00:00Z,2022-01-29T10:00+00:00Z,10YPL-AREA-----S,MAW,B16,1032
2022-01-29T10:00+00:00Z,2022-01-29T11:00+00:00Z,10YPL-AREA-----S,MAW,B16,920
2022-01-29T11:00+00:00Z,2022-01-29T12:00+00:00Z,10YPL-AREA-----S,MAW,B16,786
2022-01-29T12:00+00:00Z,2022-01-29T13:00+00:00Z,10YPL-AREA-----S,MAW,B16,470
2022-01-29T13:00+00:00Z,2022-01-29T14:00+00:00Z,10YPL-AREA-----S,MAW,B16,224
2022-01-29T14:00+00:00Z,2022-01-29T15:00+00:00Z,10YPL-AREA-----S,MAW,B16,35
2022-01-29T15:00+00:00Z,2022-01-29T16:00+00:00Z,10YPL-AREA-----S,MAW,B16,0
2022-01-29T16:00+00:00Z,2022-01-29T17:00+00:00Z,10YPL-AREA-----S,MAW,B16,0
2022-01-29T17:00+00:00Z,2022-01-29T18:00+00:00Z,10YPL-AREA-----S,MAW,B16,0
2022-01-29T18:00+00:00Z,2022-01-29T19:00+00:00Z,10YPL-AREA-----S,MAW,B16,0
2022-01-29T19:00+00:00Z,2022-01-29T20:00+00:00Z,10YPL-AREA-----S,MAW,B16,0
2022-01-29T20:00+00:00Z,2022-01-29T21:00+00:00Z,10YPL-AREA-----S,MAW,B16,0
2022-01-29T21:00+00:00Z,2022-01-29T22:00+00:00Z,10YPL-AREA-----S,MAW,B16,0
2022-01-29T22:00+00:00Z,2022-01-29T23:00+00:00Z,10YPL-AREA-----S,MAW,B16,0
2022-01-29T23:00+00:00Z,2022-01-30T00:00+00:00Z,10YPL-AREA-----S,MAW,B16,0
2022-01-30T00:00+00:00Z,2022-01-30T01:00+00:00Z,10YPL-AREA-----S,MAW,B16,0
2022-01-30T01:00+00:00Z,2022-01-30T02:00+00:00Z,10YPL-AREA-----S,MAW,B16,0
2022-01-30T02:00+00:00Z,2022-01-30T03:00+00:00Z,10YPL-AREA-----S,MAW,B16,0
2022-01-30T03:00+00:00Z,2022-01-30T04:00+00:00Z,10YPL-AREA-----S,MAW,B16,0
2022-01-30T04:00+00:00Z,2022-01-30T05:00+00:00Z,10YPL-AREA-----S,MAW,B16,0
2022-01-30T05:00+00:00Z,2022-01-30T06:00+00:00Z,10YPL-AREA-----S,MAW,B16,22
2022-01-30T06:00+00:00Z,2022-01-30T07:00+00:00Z,10YPL-AREA-----S,MAW,B16,114
2022-01-30T07:00+00:00Z,2022-01-30T08:00+00:00Z,10YPL-AREA-----S,MAW,B16,307
2022-01-30T08:00+00:00Z,2022-01-30T09:00+00:00Z,10YPL-AREA-----S,MAW,B16,476
2022-01-30T09:00+00:00Z,2022-01-30T10:00+00:00Z,10YPL-AREA-----S,MAW,B16,570
2022-01-30T10:00+00:00Z,2022-01-30T11:00+00:00Z,10YPL-AREA-----S,MAW,B16,571
2022-01-30T11:00+00:00Z,2022-01-30T12:00+00:00Z,10YPL-AREA-----S,MAW,B16,535
2022-01-30T12:00+00:00Z,2022-01-30T13:00+00:00Z,10YPL-AREA-----S,MAW,B16,428
2022-01-30T13:00+00:00Z,2022-01-30T14:00+00:00Z,10YPL-AREA-----S,MAW,B16,218
2022-01-30T14:00+00:00Z,2022-01-30T15:00+00:00Z,10YPL-AREA-----S,MAW,B16,50
2022-01-30T15:00+00:00Z,2022-01-30T16:00+00:00Z,10YPL-AREA-----S,MAW,B16,0
2022-01-30T16:00+00:00Z,2022-01-30T17:00+00:00Z,10YPL-AREA-----S,MAW,B16,0
2022-01-30T17:00+00:00Z,2022-01-30T18:00+00:00Z,10YPL-AREA-----S,MAW,B16,0
2022-01-30T18:00+00:00Z,2022-01-30T19:00+00:00Z,10YPL-AREA-----S,MAW,B16,0
2022-01-30T19:00+00:00Z,2022-01-30T20:00+00:00Z,10YPL-AREA-----S,MAW,B16,0
2022-01-30T20:00+00:00Z,2022-01-30T21:00+00:00Z,10YPL-AREA-----S,MAW,B16,0
2022-01-30T21:00+00:00Z,2022-01-30T22:00+00:00Z,10YPL-AREA-----S,MAW,B16,0
2022-01-30T22:00+00:00Z,2022-01-30T23:00+00:00Z,10YPL-AREA-----S,MAW,B16,0
