StartTime,EndTime,AreaID,UnitName,Load
2021-12-31T23:00+00:00Z,2022-01-01T00:00+00:00Z,10YSE-1--------K,MAW,15331
2022-01-01T00:00+00:00Z,2022-01-01T01:00+00:00Z,10YSE-1--------K,MAW,15331
2022-01-01T01:00+00:00Z,2022-01-01T02:00+00:00Z,10YSE-1--------K,MAW,15270
2022-01-01T02:00+00:00Z,2022-01-01T03:00+00:00Z,10YSE-1--------K,MAW,15150
2022-01-01T03:00+00:00Z,2022-01-01T04:00+00:00Z,10YSE-1--------K,MAW,15387
2022-01-01T04:00+00:00Z,2022-01-01T05:00+00:00Z,10YSE-1--------K,MAW,15737
2022-01-01T05:00+00:00Z,2022-01-01T06:00+00:00Z,10YSE-1--------K,MAW,16054
2022-01-01T06:00+00:00Z,2022-01-01T07:00+00:00Z,10YSE-1--------K,MAW,16455
2022-01-01T07:00+00:00Z,2022-01-01T08:00+00:00Z,10YSE-1--------K,MAW,16943
2022-01-01T08:00+00:00Z,2022-01-01T09:00+00:00Z,10YSE-1--------K,MAW,17476
2022-01-01T09:00+00:00Z,2022-01-01T10:00+00:00Z,10YSE-1--------K,MAW,17657
2022-01-01T10:00+00:00Z,2022-01-01T11:00+00:00Z,10YSE-1--------K,MAW,17521
2022-01-01T11:00+00:00Z,2022-01-01T12:00+00:00Z,10YSE-1--------K,MAW,17542
2022-01-01T12:00+00:00Z,2022-01-01T13:00+00:00Z,10YSE-1--------K,MAW,17783
2022-01-01T13:00+00:00Z,2022-01-01T14:00+00:00Z,10YSE-1--------K,MAW,18417
2022-01-01T14:00+00:00Z,2022-01-01T15:00+00:00Z,10YSE-1--------K,MAW,18620
2022-01-01T15:00+00:00Z,2022-01-01T16:00+00:00Z,10YSE-1--------K,MAW,18778
2022-01-01T16:00+00:00Z,2022-01-01T17:00+00:00Z,10YSE-1--------K,MAW,18621
2022-01-01T17:00+00:00Z,2022-01-01T18:00+00:00Z,10YSE-1--------K,MAW,17942
2022-01-01T18:00+00:00Z,2022-01-01T19:00+00:00Z,10YSE-1--------K,MAW,17481
2022-01-01T19:00+00:00Z,2022-01-01T20:00+00:00Z,10YSE-1--------K,MAW,17048
2022-01-01T20:00+00:00Z,2022-01-01T21:00+00:00Z,10YSE-1--------K,MAW,16461
2022-01-01T21:00+00:00Z,2022-01-01T22:00+00:00Z,10YSE-1--------K,MAW,16048
2022-01-01T22:00+00:00Z,2022-01-01T23:00+00:00Z,10YSE-1--------K,MAW,15924
2022-01-01T23:00+00:00Z,2022-01-02T00:00+00:00Z,10YSE-1--------K,MAW,15328
2022-01-02T00:00+00:00Z,2022-01-02T01:00+00:00Z,10YSE-1--------K,MAW,15037
2022-01-02T01:00+00:00Z,2022-01-02T02:00+00:00Z,10YSE-1--------K,MAW,14770
2022-01-02T02:00+00:00Z,2022-01-02T03:00+00:00Z,10YSE-1--------K,MAW,14706
2022-01-02T03:00+00:00Z,2022-01-02T04:00+00:00Z,10YSE-1--------K,MAW,14752
2022-01-02T04:00+00:00Z,2022-01-02T05:00+00:00Z,10YSE-1--------K,MAW,15202
2022-01-02T05:00+00:00Z,2022-01-02T06:00+00:00Z,10YSE-1--------K,MAW,15916
2022-01-02T06:00+00:00Z,2022-01-02T07:00+00:00Z,10YSE-1--------K,MAW,16545
2022-01-02T07:00+00:00Z,2022-01-02T08:00+00:00Z,10YSE-1--------K,MAW,16960
2022-01-02T08:00+00:00Z,2022-01-02T09:00+00:00Z,10YSE-1--------K,MAW,17299
2022-01-02T09:00+00:00Z,2022-01-02T10:00+00:00Z,10YSE-1--------K,MAW,17428
2022-01-02T10:00+00:00Z,2022-01-02T11:00+00:00Z,10YSE-1--------K,MAW,17553
2022-01-02T11:00+00:00Z,2022-01-02T12:00+00:00Z,10YSE-1--------K,MAW,17792
2022-01-02T12:00+00:00Z,2022-01-02T13:00+00:00Z,10YSE-1--------K,MAW,17912
2022-01-02T13:00+00:00Z,2022-01-02T14:00+00:00Z,10YSE-1--------K,MAW,18077
2022-01-02T14:00+00:00Z,2022-01-02T15:00+00:00Z,10YSE-1--------K,MAW,18265
2022-01-02T15:00+00:00Z,2022-01-02T16:00+00:00Z,10YSE-1--------K,MAW,18541
2022-01-02T16:00+00:00Z,2022-01-02T17:00+00:00Z,10YSE-1--------K,MAW,18424
2022-01-02T17:00+00:00Z,2022-01-02T18:00+00:00Z,10YSE-1--------K,MAW,18010
2022-01-02T18:00+00:00Z,2022-01-02T19:00+00:00Z,10YSE-1--------K,MAW,17305
2022-01-02T19:00+00:00Z,2022-01-02T20:00+00:00Z,10YSE-1--------K,MAW,16546
2022-01-02T20:00+00:00Z,2022-01-02T21:00+00:00Z,10YSE-1--------K,MAW,16269
2022-01-02T21:00+00:00Z,2022-01-02T22:00+00:00Z,10YSE-1--------K,MAW,15506
2022-01-02T22:00+00:00Z,2022-01-02T23:00+00:00Z,10YSE-1--------K,MAW,15319
2022-01-02T23:00+00:00Z,2022-01-03T00:00+00:00Z,10YSE-1--------K,MAW,15049
2022-01-03T00:00+00:00Z,2022-01-03T01:00+00:00Z,10YSE-1--------K,MAW,14808
2022-01-03T01:00+00:00Z,2022-01-03T02:00+00:00Z,10YSE-1--------K,MAW,14886
2022-01-03T02:00+00:00Z,2022-01-03T03:00+00:00Z,10YSE-1--------K,MAW,15344
2022-01-03T03:00+00:00Z,2022-01-03T04:00+00:00Z,10YSE-1--------K,MAW,15734
2022-01-03T04:00+00:00Z,2022-01-03T05:00+00:00Z,10YSE-1--------K,MAW,17213
2022-01-03T05:00+00:00Z,2022-01-03T06:00+00:00Z,10YSE-1--------K,MAW,18764
2022-01-03T06:00+00:00Z,2022-01-03T07:00+00:00Z,10YSE-1--------K,MAW,19396
2022-01-03T07:00+00:00Z,2022-01-03T08:00+00:00Z,10YSE-1--------K,MAW,19451
2022-01-03T08:00+00:00Z,2022-01-03T09:00+00:00Z,10YSE-1--------K,MAW,19620
2022-01-03T09:00+00:00Z,2022-01-03T10:00+00:00Z,10YSE-1--------K,MAW,19916
2022-01-03T10:00+00:00Z,2022-01-03T11:00+00:00Z,10YSE-1--------K,MAW,20005
2022-01-03T11:00+00:00Z,2022-01-03T12:00+00:00Z,10YSE-1--------K,MAW,20204
2022-01-03T12:00+00:00Z,2022-01-03T13:00+00:00Z,10YSE-1--------K,MAW,20225
2022-01-03T13:00+00:00Z,2022-01-03T14:00+00:00Z,10YSE-1--------K,MAW,20687
2022-01-03T14:00+00:00Z,2022-01-03T15:00+00:00Z,10YSE-1--------K,MAW,20855
2022-01-03T15:00+00:00Z,2022-01-03T16:00+00:00Z,10YSE-1--------K,MAW,21041
2022-01-03T16:00+00:00Z,2022-01-03T17:00+00:00Z,10YSE-1--------K,MAW,20625
2022-01-03T17:00+00:00Z,2022-01-03T18:00+00:00Z,10YSE-1--------K,MAW,20368
2022-01-03T18:00+00:00Z,2022-01-03T19:00+00:00Z,10YSE-1--------K,MAW,19675
2022-01-03T19:00+00:00Z,2022-01-03T20:00+00:00Z,10YSE-1--------K,MAW,18948
2022-01-03T20:00+00:00Z,2022-01-03T21:00+00:00Z,10YSE-1--------K,MAW,18102
2022-01-03T21:00+00:00Z,2022-01-03T22:00+00:00Z,10YSE-1--------K,MAW,17269
2022-01-03T22:00+00:00Z,2022-01-03T23:00+00:00Z,10YSE-1--------K,MAW,17009
2022-01-03T23:00+00:00Z,2022-01-04T00:00+00:00Z,10YSE-1--------K,MAW,16824
2022-01-04T00:00+00:00Z,2022-01-04T01:00+00:00Z,10YSE-1--------K,MAW,16796
2022-01-04T01:00+00:00Z,2022-01-04T02:00+00:00Z,10YSE-1--------K,MAW,16723
2022-01-04T02:00+00:00Z,2022-01-04T03:00+00:00Z,10YSE-1--------K,MAW,17084
2022-01-04T03:00+00:00Z,2022-01-04T04:00+00:00Z,10YSE-1--------K,MAW,17985
2022-01-04T04:00+00:00Z,2022-01-04T05:00+00:00Z,10YSE-1--------K,MAW,19017
2022-01-04T05:00+00:00Z,2022-01-04T06:00+00:00Z,10YSE-1--------K,MAW,20133
2022-01-04T06:00+00:00Z,2022-01-04T07:00+00:00Z,10YSE-1--------K,MAW,20800
2022-01-04T07:00+00:00Z,2022-01-04T08:00+00:00Z,10YSE-1--------K,MAW,20732
2022-01-04T08:00+00:00Z,2022-01-04T09:00+00:00Z,10YSE-1--------K,MAW,20622
2022-01-04T09:00+00:00Z,2022-01-04T10:00+00:00Z,10YSE-1--------K,MAW,20849
2022-01-04T10:00+00:00Z,2022-01-04T11:00+00:00Z,10YSE-1--------K,MAW,20973
2022-01-04T11:00+00:00Z,2022-01-04T12:00+00:00Z,10YSE-1--------K,MAW,20749
2022-01-04T12:00+00:00Z,2022-01-04T13:00+00:00Z,10YSE-1--------K,MAW,20770
2022-01-04T13:00+00:00Z,2022-01-04T14:00+00:00Z,10YSE-1--------K,MAW,21558
2022-01-04T14:00+00:00Z,2022-01-04T15:00+00:00Z,10YSE-1--------K,MAW,21965
2022-01-04T15:00+00:00Z,2022-01-04T16:00+00:00Z,10YSE-1--------K,MAW,22098
2022-01-04T16:00+00:00Z,2022-01-04T17:00+00:00Z,10YSE-1--------K,MAW,21647
2022-01-04T17:00+00:00Z,2022-01-04T18:00+00:00Z,10YSE-1--------K,MAW,21163
2022-01-04T18:00+00:00Z,2022-01-04T19:00+00:00Z,10YSE-1--------K,MAW,20499
2022-01-04T19:00+00:00Z,2022-01-04T20:00+00:00Z,10YSE-1--------K,MAW,19641
2022-01-04T20:00+00:00Z,2022-01-04T21:00+00:00Z,10YSE-1--------K,MAW,19007
2022-01-04T21:00+00:00Z,2022-01-04T22:00+00:00Z,10YSE-1--------K,MAW,18021
2022-01-04T22:00+00:00Z,2022-01-04T23:00+00:00Z,10YSE-1--------K,MAW,17745
2022-01-04T23:00+00:00Z,2022-01-05T00:00+00:00Z,10YSE-1--------K,MAW,17270
2022-01-05T00:00+00:00Z,2022-01-05T01:00+00:00Z,10YSE-1--------K,MAW,17050
2022-01-05T01:00+00:00Z,2022-01-05T02:00+00:00Z,10YSE-1--------K,MAW,17103
2022-01-05T02:00+00:00Z,2022-01-05T03:00+00:00Z,10YSE-1--------K,MAW,17262
2022-01-05T03:00+00:00Z,2022-01-05T04:00+00:00Z,10YSE-1--------K,MAW,17810
2022-01-05T04:00+00:00Z,2022-01-05T05:00+00:00Z,10YSE-1--------K,MAW,19235
2022-01-05T05:00+00:00Z,2022-01-05T06:00+00:00Z,10YSE-1--------K,MAW,20644
2022-01-05T06:00+00:00Z,2022-01-05T07:00+00:00Z,10YSE-1--------K,MAW,21248
2022-01-05T07:00+00:00Z,2022-01-05T08:00+00:00Z,10YSE-1--------K,MAW,21376
2022-01-05T08:00+00:00Z,2022-01-05T09:00+00:00Z,10YSE-1--------K,MAW,21549
2022-01-05T09:00+00:00Z,2022-01-05T10:00+00:00Z,10YSE-1--------K,MAW,21489
2022-01-05T10:00+00:00Z,2022-01-05T11:00+00:00Z,10YSE-1--------K,MAW,21319
2022-01-05T11:00+00:00Z,2022-01-05T12:00+00:00Z,10YSE-1--------K,MAW,21436
2022-01-05T12:00+00:00Z,2022-01-05T13:00+00:00Z,10YSE-1--------K,MAW,21327
2022-01-05T13:00+00:00Z,2022-01-05T14:00+00:00Z,10YSE-1--------K,MAW,22057
2022-01-05T14:00+00:00Z,2022-01-05T15:00+00:00Z,10YSE-1--------K,MAW,22197
2022-01-05T15:00+00:00Z,2022-01-05T16:00+00:00Z,10YSE-1--------K,MAW,22071
2022-01-05T16:00+00:00Z,2022-01-05T17:00+00:00Z,10YSE-1--------K,MAW,21801
2022-01-05T17:00+00:00Z,2022-01-05T18:00+00:00Z,10YSE-1--------K,MAW,21434
2022-01-05T18:00+00:00Z,2022-01-05T19:00+00:00Z,10YSE-1--------K,MAW,20792
2022-01-05T19:00+00:00Z,2022-01-05T20:00+00:00Z,10YSE-1--------K,MAW,19817
2022-01-05T20:00+00:00Z,2022-01-05T21:00+00:00Z,10YSE-1--------K,MAW,19120
2022-01-05T21:00+00:00Z,2022-01-05T22:00+00:00Z,10YSE-1--------K,MAW,18579
2022-01-05T22:00+00:00Z,2022-01-05T23:00+00:00Z,10YSE-1--------K,MAW,18215
2022-01-05T23:00+00:00Z,2022-01-06T00:00+00:00Z,10YSE-1--------K,MAW,17680
2022-01-06T00:00+00:00Z,2022-01-06T01:00+00:00Z,10YSE-1--------K,MAW,17514
2022-01-06T01:00+00:00Z,2022-01-06T02:00+00:00Z,10YSE-1--------K,MAW,17502
2022-01-06T02:00+00:00Z,2022-01-06T03:00+00:00Z,10YSE-1--------K,MAW,17795
2022-01-06T03:00+00:00Z,2022-01-06T04:00+00:00Z,10YSE-1--------K,MAW,18109
2022-01-06T04:00+00:00Z,2022-01-06T05:00+00:00Z,10YSE-1--------K,MAW,18714
2022-01-06T05:00+00:00Z,2022-01-06T06:00+00:00Z,10YSE-1--------K,MAW,19147
2022-01-06T06:00+00:00Z,2022-01-06T07:00+00:00Z,10YSE-1--------K,MAW,20168
2022-01-06T07:00+00:00Z,2022-01-06T08:00+00:00Z,10YSE-1--------K,MAW,20826
2022-01-06T08:00+00:00Z,2022-01-06T09:00+00:00Z,10YSE-1--------K,MAW,21258
2022-01-06T09:00+00:00Z,2022-01-06T10:00+00:00Z,10YSE-1--------K,MAW,21169
2022-01-06T10:00+00:00Z,2022-01-06T11:00+00:00Z,10YSE-1--------K,MAW,21064
2022-01-06T11:00+00:00Z,2022-01-06T12:00+00:00Z,10YSE-1--------K,MAW,20625
2022-01-06T12:00+00:00Z,2022-01-06T13:00+00:00Z,10YSE-1--------K,MAW,20709
2022-01-06T13:00+00:00Z,2022-01-06T14:00+00:00Z,10YSE-1--------K,MAW,21371
2022-01-06T14:00+00:00Z,2022-01-06T15:00+00:00Z,10YSE-1--------K,MAW,21680
2022-01-06T15:00+00:00Z,2022-01-06T16:00+00:00Z,10YSE-1--------K,MAW,21954
2022-01-06T16:00+00:00Z,2022-01-06T17:00+00:00Z,10YSE-1--------K,MAW,21591
2022-01-06T17:00+00:00Z,2022-01-06T18:00+00:00Z,10YSE-1--------K,MAW,21068
2022-01-06T18:00+00:00Z,2022-01-06T19:00+00:00Z,10YSE-1--------K,MAW,20458
2022-01-06T19:00+00:00Z,2022-01-06T20:00+00:00Z,10YSE-1--------K,MAW,20482
2022-01-06T20:00+00:00Z,2022-01-06T21:00+00:00Z,10YSE-1--------K,MAW,20455
2022-01-06T21:00+00:00Z,2022-01-06T22:00+00:00Z,10YSE-1--------K,MAW,19167
2022-01-06T22:00+00:00Z,2022-01-06T23:00+00:00Z,10YSE-1--------K,MAW,18524
2022-01-06T23:00+00:00Z,2022-01-07T00:00+00:00Z,10YSE-1--------K,MAW,18521
2022-01-07T00:00+00:00Z,2022-01-07T01:00+00:00Z,10YSE-1--------K,MAW,18153
2022-01-07T01:00+00:00Z,2022-01-07T02:00+00:00Z,10YSE-1--------K,MAW,18216
2022-01-07T02:00+00:00Z,2022-01-07T03:00+00:00Z,10YSE-1--------K,MAW,18365
2022-01-07T03:00+00:00Z,2022-01-07T04:00+00:00Z,10YSE-1--------K,MAW,18495
2022-01-07T04:00+00:00Z,2022-01-07T05:00+00:00Z,10YSE-1--------K,MAW,20144
2022-01-07T05:00+00:00Z,2022-01-07T06:00+00:00Z,10YSE-1--------K,MAW,21352
2022-01-07T06:00+00:00Z,2022-01-07T07:00+00:00Z,10YSE-1--------K,MAW,21863
2022-01-07T07:00+00:00Z,2022-01-07T08:00+00:00Z,10YSE-1--------K,MAW,21967
2022-01-07T08:00+00:00Z,2022-01-07T09:00+00:00Z,10YSE-1--------K,MAW,22315
2022-01-07T09:00+00:00Z,2022-01-07T10:00+00:00Z,10YSE-1--------K,MAW,22456
2022-01-07T10:00+00:00Z,2022-01-07T11:00+00:00Z,10YSE-1--------K,MAW,22363
2022-01-07T11:00+00:00Z,2022-01-07T12:00+00:00Z,10YSE-1--------K,MAW,22296
2022-01-07T12:00+00:00Z,2022-01-07T13:00+00:00Z,10YSE-1--------K,MAW,22321
2022-01-07T13:00+00:00Z,2022-01-07T14:00+00:00Z,10YSE-1--------K,MAW,22437
2022-01-07T14:00+00:00Z,2022-01-07T15:00+00:00Z,10YSE-1--------K,MAW,22405
2022-01-07T15:00+00:00Z,2022-01-07T16:00+00:00Z,10YSE-1--------K,MAW,22335
2022-01-07T16:00+00:00Z,2022-01-07T17:00+00:00Z,10YSE-1--------K,MAW,21736
2022-01-07T17:00+00:00Z,2022-01-07T18:00+00:00Z,10YSE-1--------K,MAW,21128
2022-01-07T18:00+00:00Z,2022-01-07T19:00+00:00Z,10YSE-1--------K,MAW,20408
2022-01-07T19:00+00:00Z,2022-01-07T20:00+00:00Z,10YSE-1--------K,MAW,19519
2022-01-07T20:00+00:00Z,2022-01-07T21:00+00:00Z,10YSE-1--------K,MAW,18730
2022-01-07T21:00+00:00Z,2022-01-07T22:00+00:00Z,10YSE-1--------K,MAW,18221
2022-01-07T22:00+00:00Z,2022-01-07T23:00+00:00Z,10YSE-1--------K,MAW,17573
2022-01-07T23:00+00:00Z,2022-01-08T00:00+00:00Z,10YSE-1--------K,MAW,17102
2022-01-08T00:00+00:00Z,2022-01-08T01:00+00:00Z,10YSE-1--------K,MAW,16679
2022-01-08T01:00+00:00Z,2022-01-08T02:00+00:00Z,10YSE-1--------K,MAW,16817
2022-01-08T02:00+00:00Z,2022-01-08T03:00+00:00Z,10YSE-1--------K,MAW,16970
2022-01-08T03:00+00:00Z,2022-01-08T04:00+00:00Z,10YSE-1--------K,MAW,17050
2022-01-08T04:00+00:00Z,2022-01-08T05:00+00:00Z,10YSE-1--------K,MAW,17250
2022-01-08T05:00+00:00Z,2022-01-08T06:00+00:00Z,10YSE-1--------K,MAW,17856
2022-01-08T06:00+00:00Z,2022-01-08T07:00+00:00Z,10YSE-1--------K,MAW,18681
2022-01-08T07:00+00:00Z,2022-01-08T08:00+00:00Z,10YSE-1--------K,MAW,18937
2022-01-08T08:00+00:00Z,2022-01-08T09:00+00:00Z,10YSE-1--------K,MAW,19531
2022-01-08T09:00+00:00Z,2022-01-08T10:00+00:00Z,10YSE-1--------K,MAW,19969
2022-01-08T10:00+00:00Z,2022-01-08T11:00+00:00Z,10YSE-1--------K,MAW,20099
2022-01-08T11:00+00:00Z,2022-01-08T12:00+00:00Z,10YSE-1--------K,MAW,19855
2022-01-08T12:00+00:00Z,2022-01-08T13:00+00:00Z,10YSE-1--------K,MAW,19961
2022-01-08T13:00+00:00Z,2022-01-08T14:00+00:00Z,10YSE-1--------K,MAW,20148
2022-01-08T14:00+00:00Z,2022-01-08T15:00+00:00Z,10YSE-1--------K,MAW,20353
2022-01-08T15:00+00:00Z,2022-01-08T16:00+00:00Z,10YSE-1--------K,MAW,20381
2022-01-08T16:00+00:00Z,2022-01-08T17:00+00:00Z,10YSE-1--------K,MAW,20448
2022-01-08T17:00+00:00Z,2022-01-08T18:00+00:00Z,10YSE-1--------K,MAW,20183
2022-01-08T18:00+00:00Z,2022-01-08T19:00+00:00Z,10YSE-1--------K,MAW,19451
2022-01-08T19:00+00:00Z,2022-01-08T20:00+00:00Z,10YSE-1--------K,MAW,18698
2022-01-08T20:00+00:00Z,2022-01-08T21:00+00:00Z,10YSE-1--------K,MAW,18190
2022-01-08T21:00+00:00Z,2022-01-08T22:00+00:00Z,10YSE-1--------K,MAW,17739
2022-01-08T22:00+00:00Z,2022-01-08T23:00+00:00Z,10YSE-1--------K,MAW,17228
2022-01-08T23:00+00:00Z,2022-01-09T00:00+00:00Z,10YSE-1--------K,MAW,17162
2022-01-09T00:00+00:00Z,2022-01-09T01:00+00:00Z,10YSE-1--------K,MAW,16909
2022-01-09T01:00+00:00Z,2022-01-09T02:00+00:00Z,10YSE-1--------K,MAW,16829
2022-01-09T02:00+00:00Z,2022-01-09T03:00+00:00Z,10YSE-1--------K,MAW,16799
2022-01-09T03:00+00:00Z,2022-01-09T04:00+00:00Z,10YSE-1--------K,MAW,16990
2022-01-09T04:00+00:00Z,2022-01-09T05:00+00:00Z,10YSE-1--------K,MAW,17248
2022-01-09T05:00+00:00Z,2022-01-09T06:00+00:00Z,10YSE-1--------K,MAW,17693
2022-01-09T06:00+00:00Z,2022-01-09T07:00+00:00Z,10YSE-1--------K,MAW,18239
2022-01-09T07:00+00:00Z,2022-01-09T08:00+00:00Z,10YSE-1--------K,MAW,18741
2022-01-09T08:00+00:00Z,2022-01-09T09:00+00:00Z,10YSE-1--------K,MAW,19485
2022-01-09T09:00+00:00Z,2022-01-09T10:00+00:00Z,10YSE-1--------K,MAW,19911
2022-01-09T10:00+00:00Z,2022-01-09T11:00+00:00Z,10YSE-1--------K,MAW,19965
2022-01-09T11:00+00:00Z,2022-01-09T12:00+00:00Z,10YSE-1--------K,MAW,20045
2022-01-09T12:00+00:00Z,2022-01-09T13:00+00:00Z,10YSE-1--------K,MAW,20295
2022-01-09T13:00+00:00Z,2022-01-09T14:00+00:00Z,10YSE-1--------K,MAW,20652
2022-01-09T14:00+00:00Z,2022-01-09T15:00+00:00Z,10YSE-1--------K,MAW,21211
2022-01-09T15:00+00:00Z,2022-01-09T16:00+00:00Z,10YSE-1--------K,MAW,21351
2022-01-09T16:00+00:00Z,2022-01-09T17:00+00:00Z,10YSE-1--------K,MAW,21024
2022-01-09T17:00+00:00Z,2022-01-09T18:00+00:00Z,10YSE-1--------K,MAW,20458
2022-01-09T18:00+00:00Z,2022-01-09T19:00+00:00Z,10YSE-1--------K,MAW,19936
2022-01-09T19:00+00:00Z,2022-01-09T20:00+00:00Z,10YSE-1--------K,MAW,19263
2022-01-09T20:00+00:00Z,2022-01-09T21:00+00:00Z,10YSE-1--------K,MAW,18517
2022-01-09T21:00+00:00Z,2022-01-09T22:00+00:00Z,10YSE-1--------K,MAW,17979
2022-01-09T22:00+00:00Z,2022-01-09T23:00+00:00Z,10YSE-1--------K,MAW,17574
2022-01-09T23:00+00:00Z,2022-01-10T00:00+00:00Z,10YSE-1--------K,MAW,17190
2022-01-10T00:00+00:00Z,2022-01-10T01:00+00:00Z,10YSE-1--------K,MAW,17050
2022-01-10T01:00+00:00Z,2022-01-10T02:00+00:00Z,10YSE-1--------K,MAW,17240
2022-01-10T02:00+00:00Z,2022-01-10T03:00+00:00Z,10YSE-1--------K,MAW,17532
2022-01-10T03:00+00:00Z,2022-01-10T04:00+00:00Z,10YSE-1--------K,MAW,18234
2022-01-10T04:00+00:00Z,2022-01-10T05:00+00:00Z,10YSE-1--------K,MAW,20058
2022-01-10T05:00+00:00Z,2022-01-10T06:00+00:00Z,10YSE-1--------K,MAW,21447
2022-01-10T06:00+00:00Z,2022-01-10T07:00+00:00Z,10YSE-1--------K,MAW,22120
2022-01-10T07:00+00:00Z,2022-01-10T08:00+00:00Z,10YSE-1--------K,MAW,21583
2022-01-10T08:00+00:00Z,2022-01-10T09:00+00:00Z,10YSE-1--------K,MAW,21432
2022-01-10T09:00+00:00Z,2022-01-10T10:00+00:00Z,10YSE-1--------K,MAW,21723
2022-01-10T10:00+00:00Z,2022-01-10T11:00+00:00Z,10YSE-1--------K,MAW,22049
2022-01-10T11:00+00:00Z,2022-01-10T12:00+00:00Z,10YSE-1--------K,MAW,21836
2022-01-10T12:00+00:00Z,2022-01-10T13:00+00:00Z,10YSE-1--------K,MAW,21785
2022-01-10T13:00+00:00Z,2022-01-10T14:00+00:00Z,10YSE-1--------K,MAW,22006
2022-01-10T14:00+00:00Z,2022-01-10T15:00+00:00Z,10YSE-1--------K,MAW,22489
2022-01-10T15:00+00:00Z,2022-01-10T16:00+00:00Z,10YSE-1--------K,MAW,22962
2022-01-10T16:00+00:00Z,2022-01-10T17:00+00:00Z,10YSE-1--------K,MAW,22806
2022-01-10T17:00+00:00Z,2022-01-10T18:00+00:00Z,10YSE-1--------K,MAW,22589
2022-01-10T18:00+00:00Z,2022-01-10T19:00+00:00Z,10YSE-1--------K,MAW,22008
2022-01-10T19:00+00:00Z,2022-01-10T20:00+00:00Z,10YSE-1--------K,MAW,21208
2022-01-10T20:00+00:00Z,2022-01-10T21:00+00:00Z,10YSE-1--------K,MAW,20161
2022-01-10T21:00+00:00Z,2022-01-10T22:00+00:00Z,10YSE-1--------K,MAW,19151
2022-01-10T22:00+00:00Z,2022-01-10T23:00+00:00Z,10YSE-1--------K,MAW,18650
2022-01-10T23:00+00:00Z,2022-01-11T00:00+00:00Z,10YSE-1--------K,MAW,18466
2022-01-11T00:00+00:00Z,2022-01-11T01:00+00:00Z,10YSE-1--------K,MAW,18208
2022-01-11T01:00+00:00Z,2022-01-11T02:00+00:00Z,10YSE-1--------K,MAW,18094
2022-01-11T02:00+00:00Z,2022-01-11T03:00+00:00Z,10YSE-1--------K,MAW,18149
2022-01-11T03:00+00:00Z,2022-01-11T04:00+00:00Z,10YSE-1--------K,MAW,18884
2022-01-11T04:00+00:00Z,2022-01-11T05:00+00:00Z,10YSE-1--------K,MAW,20523
2022-01-11T05:00+00:00Z,2022-01-11T06:00+00:00Z,10YSE-1--------K,MAW,21842
2022-01-11T06:00+00:00Z,2022-01-11T07:00+00:00Z,10YSE-1--------K,MAW,22032
2022-01-11T07:00+00:00Z,2022-01-11T08:00+00:00Z,10YSE-1--------K,MAW,21983
2022-01-11T08:00+00:00Z,2022-01-11T09:00+00:00Z,10YSE-1--------K,MAW,22072
2022-01-11T09:00+00:00Z,2022-01-11T10:00+00:00Z,10YSE-1--------K,MAW,21603
2022-01-11T10:00+00:00Z,2022-01-11T11:00+00:00Z,10YSE-1--------K,MAW,21697
2022-01-11T11:00+00:00Z,2022-01-11T12:00+00:00Z,10YSE-1--------K,MAW,21900
2022-01-11T12:00+00:00Z,2022-01-11T13:00+00:00Z,10YSE-1--------K,MAW,21940
2022-01-11T13:00+00:00Z,2022-01-11T14:00+00:00Z,10YSE-1--------K,MAW,22067
2022-01-11T14:00+00:00Z,2022-01-11T15:00+00:00Z,10YSE-1--------K,MAW,22396
2022-01-11T15:00+00:00Z,2022-01-11T16:00+00:00Z,10YSE-1--------K,MAW,22506
2022-01-11T16:00+00:00Z,2022-01-11T17:00+00:00Z,10YSE-1--------K,MAW,22105
2022-01-11T17:00+00:00Z,2022-01-11T18:00+00:00Z,10YSE-1--------K,MAW,21495
2022-01-11T18:00+00:00Z,2022-01-11T19:00+00:00Z,10YSE-1--------K,MAW,20866
2022-01-11T19:00+00:00Z,2022-01-11T20:00+00:00Z,10YSE-1--------K,MAW,20112
2022-01-11T20:00+00:00Z,2022-01-11T21:00+00:00Z,10YSE-1--------K,MAW,19340
2022-01-11T21:00+00:00Z,2022-01-11T22:00+00:00Z,10YSE-1--------K,MAW,18126
2022-01-11T22:00+00:00Z,2022-01-11T23:00+00:00Z,10YSE-1--------K,MAW,17712
2022-01-11T23:00+00:00Z,2022-01-12T00:00+00:00Z,10YSE-1--------K,MAW,17502
2022-01-12T00:00+00:00Z,2022-01-12T01:00+00:00Z,10YSE-1--------K,MAW,17075
2022-01-12T01:00+00:00Z,2022-01-12T02:00+00:00Z,10YSE-1--------K,MAW,16788
2022-01-12T02:00+00:00Z,2022-01-12T03:00+00:00Z,10YSE-1--------K,MAW,17389
2022-01-12T03:00+00:00Z,2022-01-12T04:00+00:00Z,10YSE-1--------K,MAW,18200
2022-01-12T04:00+00:00Z,2022-01-12T05:00+00:00Z,10YSE-1--------K,MAW,19474
2022-01-12T05:00+00:00Z,2022-01-12T06:00+00:00Z,10YSE-1--------K,MAW,21027
2022-01-12T06:00+00:00Z,2022-01-12T07:00+00:00Z,10YSE-1--------K,MAW,21411
2022-01-12T07:00+00:00Z,2022-01-12T08:00+00:00Z,10YSE-1--------K,MAW,21174
2022-01-12T08:00+00:00Z,2022-01-12T09:00+00:00Z,10YSE-1--------K,MAW,21303
2022-01-12T09:00+00:00Z,2022-01-12T10:00+00:00Z,10YSE-1--------K,MAW,21203
2022-01-12T10:00+00:00Z,2022-01-12T11:00+00:00Z,10YSE-1--------K,MAW,20880
2022-01-12T11:00+00:00Z,2022-01-12T12:00+00:00Z,10YSE-1--------K,MAW,20766
2022-01-12T12:00+00:00Z,2022-01-12T13:00+00:00Z,10YSE-1--------K,MAW,20727
2022-01-12T13:00+00:00Z,2022-01-12T14:00+00:00Z,10YSE-1--------K,MAW,21039
2022-01-12T14:00+00:00Z,2022-01-12T15:00+00:00Z,10YSE-1--------K,MAW,21328
2022-01-12T15:00+00:00Z,2022-01-12T16:00+00:00Z,10YSE-1--------K,MAW,21117
2022-01-12T16:00+00:00Z,2022-01-12T17:00+00:00Z,10YSE-1--------K,MAW,20662
2022-01-12T17:00+00:00Z,2022-01-12T18:00+00:00Z,10YSE-1--------K,MAW,20053
2022-01-12T18:00+00:00Z,2022-01-12T19:00+00:00Z,10YSE-1--------K,MAW,19460
2022-01-12T19:00+00:00Z,2022-01-12T20:00+00:00Z,10YSE-1--------K,MAW,18743
2022-01-12T20:00+00:00Z,2022-01-12T21:00+00:00Z,10YSE-1--------K,MAW,17780
2022-01-12T21:00+00:00Z,2022-01-12T22:00+00:00Z,10YSE-1--------K,MAW,16589
2022-01-12T22:00+00:00Z,2022-01-12T23:00+00:00Z,10YSE-1--------K,MAW,15741
2022-01-12T23:00+00:00Z,2022-01-13T00:00+00:00Z,10YSE-1--------K,MAW,15524
2022-01-13T00:00+00:00Z,2022-01-13T01:00+00:00Z,10YSE-1--------K,MAW,15415
2022-01-13T01:00+00:00Z,2022-01-13T02:00+00:00Z,10YSE-1--------K,MAW,15611
2022-01-13T02:00+00:00Z,2022-01-13T03:00+00:00Z,10YSE-1--------K,MAW,15898
2022-01-13T03:00+00:00Z,2022-01-13T04:00+00:00Z,10YSE-1--------K,MAW,16492
2022-01-13T04:00+00:00Z,2022-01-13T05:00+00:00Z,10YSE-1--------K,MAW,17918
2022-01-13T05:00+00:00Z,2022-01-13T06:00+00:00Z,10YSE-1--------K,MAW,19624
2022-01-13T06:00+00:00Z,2022-01-13T07:00+00:00Z,10YSE-1--------K,MAW,20184
2022-01-13T07:00+00:00Z,2022-01-13T08:00+00:00Z,10YSE-1--------K,MAW,20216
2022-01-13T08:00+00:00Z,2022-01-13T09:00+00:00Z,10YSE-1--------K,MAW,19798
2022-01-13T09:00+00:00Z,2022-01-13T10:00+00:00Z,10YSE-1--------K,MAW,19552
2022-01-13T10:00+00:00Z,2022-01-13T11:00+00:00Z,10YSE-1--------K,MAW,19600
2022-01-13T11:00+00:00Z,2022-01-13T12:00+00:00Z,10YSE-1--------K,MAW,19590
2022-01-13T12:00+00:00Z,2022-01-13T13:00+00:00Z,10YSE-1--------K,MAW,19307
2022-01-13T13:00+00:00Z,2022-01-13T14:00+00:00Z,10YSE-1--------K,MAW,19797
2022-01-13T14:00+00:00Z,2022-01-13T15:00+00:00Z,10YSE-1--------K,MAW,20141
2022-01-13T15:00+00:00Z,2022-01-13T16:00+00:00Z,10YSE-1--------K,MAW,20215
2022-01-13T16:00+00:00Z,2022-01-13T17:00+00:00Z,10YSE-1--------K,MAW,19750
2022-01-13T17:00+00:00Z,2022-01-13T18:00+00:00Z,10YSE-1--------K,MAW,19468
2022-01-13T18:00+00:00Z,2022-01-13T19:00+00:00Z,10YSE-1--------K,MAW,18756
2022-01-13T19:00+00:00Z,2022-01-13T20:00+00:00Z,10YSE-1--------K,MAW,17960
2022-01-13T20:00+00:00Z,2022-01-13T21:00+00:00Z,10YSE-1--------K,MAW,17334
2022-01-13T21:00+00:00Z,2022-01-13T22:00+00:00Z,10YSE-1--------K,MAW,16465
2022-01-13T22:00+00:00Z,2022-01-13T23:00+00:00Z,10YSE-1--------K,MAW,15597
2022-01-13T23:00+00:00Z,2022-01-14T00:00+00:00Z,10YSE-1--------K,MAW,15361
2022-01-14T00:00+00:00Z,2022-01-14T01:00+00:00Z,10YSE-1--------K,MAW,15101
2022-01-14T01:00+00:00Z,2022-01-14T02:00+00:00Z,10YSE-1--------K,MAW,15215
2022-01-14T02:00+00:00Z,2022-01-14T03:00+00:00Z,10YSE-1--------K,MAW,15579
2022-01-14T03:00+00:00Z,2022-01-14T04:00+00:00Z,10YSE-1--------K,MAW,16256
2022-01-14T04:00+00:00Z,2022-01-14T05:00+00:00Z,10YSE-1--------K,MAW,17828
2022-01-14T05:00+00:00Z,2022-01-14T06:00+00:00Z,10YSE-1--------K,MAW,19398
2022-01-14T06:00+00:00Z,2022-01-14T07:00+00:00Z,10YSE-1--------K,MAW,19769
2022-01-14T07:00+00:00Z,2022-01-14T08:00+00:00Z,10YSE-1--------K,MAW,19901
2022-01-14T08:00+00:00Z,2022-01-14T09:00+00:00Z,10YSE-1--------K,MAW,19845
2022-01-14T09:00+00:00Z,2022-01-14T10:00+00:00Z,10YSE-1--------K,MAW,19493
2022-01-14T10:00+00:00Z,2022-01-14T11:00+00:00Z,10YSE-1--------K,MAW,19413
2022-01-14T11:00+00:00Z,2022-01-14T12:00+00:00Z,10YSE-1--------K,MAW,19280
2022-01-14T12:00+00:00Z,2022-01-14T13:00+00:00Z,10YSE-1--------K,MAW,19335
2022-01-14T13:00+00:00Z,2022-01-14T14:00+00:00Z,10YSE-1--------K,MAW,19719
2022-01-14T14:00+00:00Z,2022-01-14T15:00+00:00Z,10YSE-1--------K,MAW,20216
2022-01-14T15:00+00:00Z,2022-01-14T16:00+00:00Z,10YSE-1--------K,MAW,20513
2022-01-14T16:00+00:00Z,2022-01-14T17:00+00:00Z,10YSE-1--------K,MAW,20200
2022-01-14T17:00+00:00Z,2022-01-14T18:00+00:00Z,10YSE-1--------K,MAW,19555
2022-01-14T18:00+00:00Z,2022-01-14T19:00+00:00Z,10YSE-1--------K,MAW,18749
2022-01-14T19:00+00:00Z,2022-01-14T20:00+00:00Z,10YSE-1--------K,MAW,18248
2022-01-14T20:00+00:00Z,2022-01-14T21:00+00:00Z,10YSE-1--------K,MAW,17728
2022-01-14T21:00+00:00Z,2022-01-14T22:00+00:00Z,10YSE-1--------K,MAW,17329
2022-01-14T22:00+00:00Z,2022-01-14T23:00+00:00Z,10YSE-1--------K,MAW,16867
2022-01-14T23:00+00:00Z,2022-01-15T00:00+00:00Z,10YSE-1--------K,MAW,16626
2022-01-15T00:00+00:00Z,2022-01-15T01:00+00:00Z,10YSE-1--------K,MAW,16579
2022-01-15T01:00+00:00Z,2022-01-15T02:00+00:00Z,10YSE-1--------K,MAW,16702
2022-01-15T02:00+00:00Z,2022-01-15T03:00+00:00Z,10YSE-1--------K,MAW,16705
2022-01-15T03:00+00:00Z,2022-01-15T04:00+00:00Z,10YSE-1--------K,MAW,16790
2022-01-15T04:00+00:00Z,2022-01-15T05:00+00:00Z,10YSE-1--------K,MAW,17297
2022-01-15T05:00+00:00Z,2022-01-15T06:00+00:00Z,10YSE-1--------K,MAW,17762
2022-01-15T06:00+00:00Z,2022-01-15T07:00+00:00Z,10YSE-1--------K,MAW,18385
2022-01-15T07:00+00:00Z,2022-01-15T08:00+00:00Z,10YSE-1--------K,MAW,19010
2022-01-15T08:00+00:00Z,2022-01-15T09:00+00:00Z,10YSE-1--------K,MAW,19144
2022-01-15T09:00+00:00Z,2022-01-15T10:00+00:00Z,10YSE-1--------K,MAW,19414
2022-01-15T10:00+00:00Z,2022-01-15T11:00+00:00Z,10YSE-1--------K,MAW,18966
2022-01-15T11:00+00:00Z,2022-01-15T12:00+00:00Z,10YSE-1--------K,MAW,18644
2022-01-15T12:00+00:00Z,2022-01-15T13:00+00:00Z,10YSE-1--------K,MAW,18627
2022-01-15T13:00+00:00Z,2022-01-15T14:00+00:00Z,10YSE-1--------K,MAW,18852
2022-01-15T14:00+00:00Z,2022-01-15T15:00+00:00Z,10YSE-1--------K,MAW,19540
2022-01-15T15:00+00:00Z,2022-01-15T16:00+00:00Z,10YSE-1--------K,MAW,19641
2022-01-15T16:00+00:00Z,2022-01-15T17:00+00:00Z,10YSE-1--------K,MAW,19382
2022-01-15T17:00+00:00Z,2022-01-15T18:00+00:00Z,10YSE-1--------K,MAW,18750
2022-01-15T18:00+00:00Z,2022-01-15T19:00+00:00Z,10YSE-1--------K,MAW,18022
2022-01-15T19:00+00:00Z,2022-01-15T20:00+00:00Z,10YSE-1--------K,MAW,17560
2022-01-15T20:00+00:00Z,2022-01-15T21:00+00:00Z,10YSE-1--------K,MAW,17145
2022-01-15T21:00+00:00Z,2022-01-15T22:00+00:00Z,10YSE-1--------K,MAW,16689
2022-01-15T22:00+00:00Z,2022-01-15T23:00+00:00Z,10YSE-1--------K,MAW,16471
2022-01-15T23:00+00:00Z,2022-01-16T00:00+00:00Z,10YSE-1--------K,MAW,16159
2022-01-16T00:00+00:00Z,2022-01-16T01:00+00:00Z,10YSE-1--------K,MAW,16120
2022-01-16T01:00+00:00Z,2022-01-16T02:00+00:00Z,10YSE-1--------K,MAW,15889
2022-01-16T02:00+00:00Z,2022-01-16T03:00+00:00Z,10YSE-1--------K,MAW,15498
2022-01-16T03:00+00:00Z,2022-01-16T04:00+00:00Z,10YSE-1--------K,MAW,15575
2022-01-16T04:00+00:00Z,2022-01-16T05:00+00:00Z,10YSE-1--------K,MAW,15971
2022-01-16T05:00+00:00Z,2022-01-16T06:00+00:00Z,10YSE-1--------K,MAW,16730
2022-01-16T06:00+00:00Z,2022-01-16T07:00+00:00Z,10YSE-1--------K,MAW,16853
2022-01-16T07:00+00:00Z,2022-01-16T08:00+00:00Z,10YSE-1--------K,MAW,17215
2022-01-16T08:00+00:00Z,2022-01-16T09:00+00:00Z,10YSE-1--------K,MAW,17782
2022-01-16T09:00+00:00Z,2022-01-16T10:00+00:00Z,10YSE-1--------K,MAW,18307
2022-01-16T10:00+00:00Z,2022-01-16T11:00+00:00Z,10YSE-1--------K,MAW,18484
2022-01-16T11:00+00:00Z,2022-01-16T12:00+00:00Z,10YSE-1--------K,MAW,18590
2022-01-16T12:00+00:00Z,2022-01-16T13:00+00:00Z,10YSE-1--------K,MAW,18573
2022-01-16T13:00+00:00Z,2022-01-16T14:00+00:00Z,10YSE-1--------K,MAW,19097
2022-01-16T14:00+00:00Z,2022-01-16T15:00+00:00Z,10YSE-1--------K,MAW,19511
2022-01-16T15:00+00:00Z,2022-01-16T16:00+00:00Z,10YSE-1--------K,MAW,19783
2022-01-16T16:00+00:00Z,2022-01-16T17:00+00:00Z,10YSE-1--------K,MAW,19345
2022-01-16T17:00+00:00Z,2022-01-16T18:00+00:00Z,10YSE-1--------K,MAW,18973
2022-01-16T18:00+00:00Z,2022-01-16T19:00+00:00Z,10YSE-1--------K,MAW,18359
2022-01-16T19:00+00:00Z,2022-01-16T20:00+00:00Z,10YSE-1--------K,MAW,17849
2022-01-16T20:00+00:00Z,2022-01-16T21:00+00:00Z,10YSE-1--------K,MAW,17665
2022-01-16T21:00+00:00Z,2022-01-16T22:00+00:00Z,10YSE-1--------K,MAW,17191
2022-01-16T22:00+00:00Z,2022-01-16T23:00+00:00Z,10YSE-1--------K,MAW,16783
2022-01-16T23:00+00:00Z,2022-01-17T00:00+00:00Z,10YSE-1--------K,MAW,16828
2022-01-17T00:00+00:00Z,2022-01-17T01:00+00:00Z,10YSE-1--------K,MAW,16889
2022-01-17T01:00+00:00Z,2022-01-17T02:00+00:00Z,10YSE-1--------K,MAW,16854
2022-01-17T02:00+00:00Z,2022-01-17T03:00+00:00Z,10YSE-1--------K,MAW,17271
2022-01-17T03:00+00:00Z,2022-01-17T04:00+00:00Z,10YSE-1--------K,MAW,18182
2022-01-17T04:00+00:00Z,2022-01-17T05:00+00:00Z,10YSE-1--------K,MAW,19938
2022-01-17T05:00+00:00Z,2022-01-17T06:00+00:00Z,10YSE-1--------K,MAW,21281
2022-01-17T06:00+00:00Z,2022-01-17T07:00+00:00Z,10YSE-1--------K,MAW,21452
2022-01-17T07:00+00:00Z,2022-01-17T08:00+00:00Z,10YSE-1--------K,MAW,21283
2022-01-17T08:00+00:00Z,2022-01-17T09:00+00:00Z,10YSE-1--------K,MAW,21293
2022-01-17T09:00+00:00Z,2022-01-17T10:00+00:00Z,10YSE-1--------K,MAW,21045
2022-01-17T10:00+00:00Z,2022-01-17T11:00+00:00Z,10YSE-1--------K,MAW,20602
2022-01-17T11:00+00:00Z,2022-01-17T12:00+00:00Z,10YSE-1--------K,MAW,20574
2022-01-17T12:00+00:00Z,2022-01-17T13:00+00:00Z,10YSE-1--------K,MAW,20820
2022-01-17T13:00+00:00Z,2022-01-17T14:00+00:00Z,10YSE-1--------K,MAW,21174
2022-01-17T14:00+00:00Z,2022-01-17T15:00+00:00Z,10YSE-1--------K,MAW,21144
2022-01-17T15:00+00:00Z,2022-01-17T16:00+00:00Z,10YSE-1--------K,MAW,21492
2022-01-17T16:00+00:00Z,2022-01-17T17:00+00:00Z,10YSE-1--------K,MAW,21066
2022-01-17T17:00+00:00Z,2022-01-17T18:00+00:00Z,10YSE-1--------K,MAW,20512
2022-01-17T18:00+00:00Z,2022-01-17T19:00+00:00Z,10YSE-1--------K,MAW,19937
2022-01-17T19:00+00:00Z,2022-01-17T20:00+00:00Z,10YSE-1--------K,MAW,19152
2022-01-17T20:00+00:00Z,2022-01-17T21:00+00:00Z,10YSE-1--------K,MAW,18574
2022-01-17T21:00+00:00Z,2022-01-17T22:00+00:00Z,10YSE-1--------K,MAW,17926
2022-01-17T22:00+00:00Z,2022-01-17T23:00+00:00Z,10YSE-1--------K,MAW,17746
2022-01-17T23:00+00:00Z,2022-01-18T00:00+00:00Z,10YSE-1--------K,MAW,17561
2022-01-18T00:00+00:00Z,2022-01-18T01:00+00:00Z,10YSE-1--------K,MAW,17396
2022-01-18T01:00+00:00Z,2022-01-18T02:00+00:00Z,10YSE-1--------K,MAW,17280
2022-01-18T02:00+00:00Z,2022-01-18T03:00+00:00Z,10YSE-1--------K,MAW,17334
2022-01-18T03:00+00:00Z,2022-01-18T04:00+00:00Z,10YSE-1--------K,MAW,17900
2022-01-18T04:00+00:00Z,2022-01-18T05:00+00:00Z,10YSE-1--------K,MAW,19194
2022-01-18T05:00+00:00Z,2022-01-18T06:00+00:00Z,10YSE-1--------K,MAW,20268
2022-01-18T06:00+00:00Z,2022-01-18T07:00+00:00Z,10YSE-1--------K,MAW,20925
2022-01-18T07:00+00:00Z,2022-01-18T08:00+00:00Z,10YSE-1--------K,MAW,20730
2022-01-18T08:00+00:00Z,2022-01-18T09:00+00:00Z,10YSE-1--------K,MAW,21050
2022-01-18T09:00+00:00Z,2022-01-18T10:00+00:00Z,10YSE-1--------K,MAW,21187
2022-01-18T10:00+00:00Z,2022-01-18T11:00+00:00Z,10YSE-1--------K,MAW,21172
2022-01-18T11:00+00:00Z,2022-01-18T12:00+00:00Z,10YSE-1--------K,MAW,20594
2022-01-18T12:00+00:00Z,2022-01-18T13:00+00:00Z,10YSE-1--------K,MAW,20337
2022-01-18T13:00+00:00Z,2022-01-18T14:00+00:00Z,10YSE-1--------K,MAW,20636
2022-01-18T14:00+00:00Z,2022-01-18T15:00+00:00Z,10YSE-1--------K,MAW,20923
2022-01-18T15:00+00:00Z,2022-01-18T16:00+00:00Z,10YSE-1--------K,MAW,21529
2022-01-18T16:00+00:00Z,2022-01-18T17:00+00:00Z,10YSE-1--------K,MAW,21222
2022-01-18T17:00+00:00Z,2022-01-18T18:00+00:00Z,10YSE-1--------K,MAW,20540
2022-01-18T18:00+00:00Z,2022-01-18T19:00+00:00Z,10YSE-1--------K,MAW,19633
2022-01-18T19:00+00:00Z,2022-01-18T20:00+00:00Z,10YSE-1--------K,MAW,18790
2022-01-18T20:00+00:00Z,2022-01-18T21:00+00:00Z,10YSE-1--------K,MAW,18194
2022-01-18T21:00+00:00Z,2022-01-18T22:00+00:00Z,10YSE-1--------K,MAW,17227
2022-01-18T22:00+00:00Z,2022-01-18T23:00+00:00Z,10YSE-1--------K,MAW,16168
2022-01-18T23:00+00:00Z,2022-01-19T00:00+00:00Z,10YSE-1--------K,MAW,15834
2022-01-19T00:00+00:00Z,2022-01-19T01:00+00:00Z,10YSE-1--------K,MAW,15882
2022-01-19T01:00+00:00Z,2022-01-19T02:00+00:00Z,10YSE-1--------K,MAW,15709
2022-01-19T02:00+00:00Z,2022-01-19T03:00+00:00Z,10YSE-1--------K,MAW,16029
2022-01-19T03:00+00:00Z,2022-01-19T04:00+00:00Z,10YSE-1--------K,MAW,16859
2022-01-19T04:00+00:00Z,2022-01-19T05:00+00:00Z,10YSE-1--------K,MAW,18476
2022-01-19T05:00+00:00Z,2022-01-19T06:00+00:00Z,10YSE-1--------K,MAW,19490
2022-01-19T06:00+00:00Z,2022-01-19T07:00+00:00Z,10YSE-1--------K,MAW,19807
2022-01-19T07:00+00:00Z,2022-01-19T08:00+00:00Z,10YSE-1--------K,MAW,19920
2022-01-19T08:00+00:00Z,2022-01-19T09:00+00:00Z,10YSE-1--------K,MAW,20070
2022-01-19T09:00+00:00Z,2022-01-19T10:00+00:00Z,10YSE-1--------K,MAW,20014
2022-01-19T10:00+00:00Z,2022-01-19T11:00+00:00Z,10YSE-1--------K,MAW,19961
2022-01-19T11:00+00:00Z,2022-01-19T12:00+00:00Z,10YSE-1--------K,MAW,20114
2022-01-19T12:00+00:00Z,2022-01-19T13:00+00:00Z,10YSE-1--------K,MAW,20285
2022-01-19T13:00+00:00Z,2022-01-19T14:00+00:00Z,10YSE-1--------K,MAW,20711
2022-01-19T14:00+00:00Z,2022-01-19T15:00+00:00Z,10YSE-1--------K,MAW,20709
2022-01-19T15:00+00:00Z,2022-01-19T16:00+00:00Z,10YSE-1--------K,MAW,20688
2022-01-19T16:00+00:00Z,2022-01-19T17:00+00:00Z,10YSE-1--------K,MAW,20203
2022-01-19T17:00+00:00Z,2022-01-19T18:00+00:00Z,10YSE-1--------K,MAW,19471
2022-01-19T18:00+00:00Z,2022-01-19T19:00+00:00Z,10YSE-1--------K,MAW,19071
2022-01-19T19:00+00:00Z,2022-01-19T20:00+00:00Z,10YSE-1--------K,MAW,18638
2022-01-19T20:00+00:00Z,2022-01-19T21:00+00:00Z,10YSE-1--------K,MAW,17885
2022-01-19T21:00+00:00Z,2022-01-19T22:00+00:00Z,10YSE-1--------K,MAW,17541
2022-01-19T22:00+00:00Z,2022-01-19T23:00+00:00Z,10YSE-1--------K,MAW,17256
2022-01-19T23:00+00:00Z,2022-01-20T00:00+00:00Z,10YSE-1--------K,MAW,16957
2022-01-20T00:00+00:00Z,2022-01-20T01:00+00:00Z,10YSE-1--------K,MAW,17176
2022-01-20T01:00+00:00Z,2022-01-20T02:00+00:00Z,10YSE-1--------K,MAW,17311
2022-01-20T02:00+00:00Z,2022-01-20T03:00+00:00Z,10YSE-1--------K,MAW,17596
2022-01-20T03:00+00:00Z,2022-01-20T04:00+00:00Z,10YSE-1--------K,MAW,18481
2022-01-20T04:00+00:00Z,2022-01-20T05:00+00:00Z,10YSE-1--------K,MAW,20207
2022-01-20T05:00+00:00Z,2022-01-20T06:00+00:00Z,10YSE-1--------K,MAW,21565
2022-01-20T06:00+00:00Z,2022-01-20T07:00+00:00Z,10YSE-1--------K,MAW,21688
2022-01-20T07:00+00:00Z,2022-01-20T08:00+00:00Z,10YSE-1--------K,MAW,22038
2022-01-20T08:00+00:00Z,2022-01-20T09:00+00:00Z,10YSE-1--------K,MAW,22005
2022-01-20T09:00+00:00Z,2022-01-20T10:00+00:00Z,10YSE-1--------K,MAW,21747
2022-01-20T10:00+00:00Z,2022-01-20T11:00+00:00Z,10YSE-1--------K,MAW,21604
2022-01-20T11:00+00:00Z,2022-01-20T12:00+00:00Z,10YSE-1--------K,MAW,21716
2022-01-20T12:00+00:00Z,2022-01-20T13:00+00:00Z,10YSE-1--------K,MAW,21662
2022-01-20T13:00+00:00Z,2022-01-20T14:00+00:00Z,10YSE-1--------K,MAW,22043
2022-01-20T14:00+00:00Z,2022-01-20T15:00+00:00Z,10YSE-1--------K,MAW,22511
2022-01-20T15:00+00:00Z,2022-01-20T16:00+00:00Z,10YSE-1--------K,MAW,22753
2022-01-20T16:00+00:00Z,2022-01-20T17:00+00:00Z,10YSE-1--------K,MAW,22259
2022-01-20T17:00+00:00Z,2022-01-20T18:00+00:00Z,10YSE-1--------K,MAW,21750
2022-01-20T18:00+00:00Z,2022-01-20T19:00+00:00Z,10YSE-1--------K,MAW,20952
2022-01-20T19:00+00:00Z,2022-01-20T20:00+00:00Z,10YSE-1--------K,MAW,20254
2022-01-20T20:00+00:00Z,2022-01-20T21:00+00:00Z,10YSE-1--------K,MAW,19477
2022-01-20T21:00+00:00Z,2022-01-20T22:00+00:00Z,10YSE-1--------K,MAW,18858
2022-01-20T22:00+00:00Z,2022-01-20T23:00+00:00Z,10YSE-1--------K,MAW,18490
2022-01-20T23:00+00:00Z,2022-01-21T00:00+00:00Z,10YSE-1--------K,MAW,18206
2022-01-21T00:00+00:00Z,2022-01-21T01:00+00:00Z,10YSE-1--------K,MAW,17988
2022-01-21T01:00+00:00Z,2022-01-21T02:00+00:00Z,10YSE-1--------K,MAW,18078
2022-01-21T02:00+00:00Z,2022-01-21T03:00+00:00Z,10YSE-1--------K,MAW,18396
2022-01-21T03:00+00:00Z,2022-01-21T04:00+00:00Z,10YSE-1--------K,MAW,19010
2022-01-21T04:00+00:00Z,2022-01-21T05:00+00:00Z,10YSE-1--------K,MAW,20258
2022-01-21T05:00+00:00Z,2022-01-21T06:00+00:00Z,10YSE-1--------K,MAW,21818
2022-01-21T06:00+00:00Z,2022-01-21T07:00+00:00Z,10YSE-1--------K,MAW,22309
2022-01-21T07:00+00:00Z,2022-01-21T08:00+00:00Z,10YSE-1--------K,MAW,21850
2022-01-21T08:00+00:00Z,2022-01-21T09:00+00:00Z,10YSE-1--------K,MAW,21917
2022-01-21T09:00+00:00Z,2022-01-21T10:00+00:00Z,10YSE-1--------K,MAW,21637
2022-01-21T10:00+00:00Z,2022-01-21T11:00+00:00Z,10YSE-1--------K,MAW,21327
2022-01-21T11:00+00:00Z,2022-01-21T12:00+00:00Z,10YSE-1--------K,MAW,21055
2022-01-21T12:00+00:00Z,2022-01-21T13:00+00:00Z,10YSE-1--------K,MAW,20867
2022-01-21T13:00+00:00Z,2022-01-21T14:00+00:00Z,10YSE-1--------K,MAW,20890
2022-01-21T14:00+00:00Z,2022-01-21T15:00+00:00Z,10YSE-1--------K,MAW,21252
2022-01-21T15:00+00:00Z,2022-01-21T16:00+00:00Z,10YSE-1--------K,MAW,21568
2022-01-21T16:00+00:00Z,2022-01-21T17:00+00:00Z,10YSE-1--------K,MAW,21277
2022-01-21T17:00+00:00Z,2022-01-21T18:00+00:00Z,10YSE-1--------K,MAW,20730
2022-01-21T18:00+00:00Z,2022-01-21T19:00+00:00Z,10YSE-1--------K,MAW,20123
2022-01-21T19:00+00:00Z,2022-01-21T20:00+00:00Z,10YSE-1--------K,MAW,19331
2022-01-21T20:00+00:00Z,2022-01-21T21:00+00:00Z,10YSE-1--------K,MAW,18717
2022-01-21T21:00+00:00Z,2022-01-21T22:00+00:00Z,10YSE-1--------K,MAW,18343
2022-01-21T22:00+00:00Z,2022-01-21T23:00+00:00Z,10YSE-1--------K,MAW,17838
2022-01-21T23:00+00:00Z,2022-01-22T00:00+00:00Z,10YSE-1--------K,MAW,17290
2022-01-22T00:00+00:00Z,2022-01-22T01:00+00:00Z,10YSE-1--------K,MAW,17329
2022-01-22T01:00+00:00Z,2022-01-22T02:00+00:00Z,10YSE-1--------K,MAW,17327
2022-01-22T02:00+00:00Z,2022-01-22T03:00+00:00Z,10YSE-1--------K,MAW,17137
2022-01-22T03:00+00:00Z,2022-01-22T04:00+00:00Z,10YSE-1--------K,MAW,17350
2022-01-22T04:00+00:00Z,2022-01-22T05:00+00:00Z,10YSE-1--------K,MAW,17629
2022-01-22T05:00+00:00Z,2022-01-22T06:00+00:00Z,10YSE-1--------K,MAW,18632
2022-01-22T06:00+00:00Z,2022-01-22T07:00+00:00Z,10YSE-1--------K,MAW,19457
2022-01-22T07:00+00:00Z,2022-01-22T08:00+00:00Z,10YSE-1--------K,MAW,19772
2022-01-22T08:00+00:00Z,2022-01-22T09:00+00:00Z,10YSE-1--------K,MAW,19871
2022-01-22T09:00+00:00Z,2022-01-22T10:00+00:00Z,10YSE-1--------K,MAW,19835
2022-01-22T10:00+00:00Z,2022-01-22T11:00+00:00Z,10YSE-1--------K,MAW,19535
2022-01-22T11:00+00:00Z,2022-01-22T12:00+00:00Z,10YSE-1--------K,MAW,19557
2022-01-22T12:00+00:00Z,2022-01-22T13:00+00:00Z,10YSE-1--------K,MAW,19569
2022-01-22T13:00+00:00Z,2022-01-22T14:00+00:00Z,10YSE-1--------K,MAW,19440
2022-01-22T14:00+00:00Z,2022-01-22T15:00+00:00Z,10YSE-1--------K,MAW,19604
2022-01-22T15:00+00:00Z,2022-01-22T16:00+00:00Z,10YSE-1--------K,MAW,19833
2022-01-22T16:00+00:00Z,2022-01-22T17:00+00:00Z,10YSE-1--------K,MAW,19661
2022-01-22T17:00+00:00Z,2022-01-22T18:00+00:00Z,10YSE-1--------K,MAW,19571
2022-01-22T18:00+00:00Z,2022-01-22T19:00+00:00Z,10YSE-1--------K,MAW,19184
2022-01-22T19:00+00:00Z,2022-01-22T20:00+00:00Z,10YSE-1--------K,MAW,18545
2022-01-22T20:00+00:00Z,2022-01-22T21:00+00:00Z,10YSE-1--------K,MAW,17958
2022-01-22T21:00+00:00Z,2022-01-22T22:00+00:00Z,10YSE-1--------K,MAW,17419
2022-01-22T22:00+00:00Z,2022-01-22T23:00+00:00Z,10YSE-1--------K,MAW,17143
2022-01-22T23:00+00:00Z,2022-01-23T00:00+00:00Z,10YSE-1--------K,MAW,16589
2022-01-23T00:00+00:00Z,2022-01-23T01:00+00:00Z,10YSE-1--------K,MAW,16287
2022-01-23T01:00+00:00Z,2022-01-23T02:00+00:00Z,10YSE-1--------K,MAW,16149
2022-01-23T02:00+00:00Z,2022-01-23T03:00+00:00Z,10YSE-1--------K,MAW,16227
2022-01-23T03:00+00:00Z,2022-01-23T04:00+00:00Z,10YSE-1--------K,MAW,16227
2022-01-23T04:00+00:00Z,2022-01-23T05:00+00:00Z,10YSE-1--------K,MAW,16777
2022-01-23T05:00+00:00Z,2022-01-23T06:00+00:00Z,10YSE-1--------K,MAW,17545
2022-01-23T06:00+00:00Z,2022-01-23T07:00+00:00Z,10YSE-1--------K,MAW,17772
2022-01-23T07:00+00:00Z,2022-01-23T08:00+00:00Z,10YSE-1--------K,MAW,18068
2022-01-23T08:00+00:00Z,2022-01-23T09:00+00:00Z,10YSE-1--------K,MAW,18539
2022-01-23T09:00+00:00Z,2022-01-23T10:00+00:00Z,10YSE-1--------K,MAW,19094
2022-01-23T10:00+00:00Z,2022-01-23T11:00+00:00Z,10YSE-1--------K,MAW,18712
2022-01-23T11:00+00:00Z,2022-01-23T12:00+00:00Z,10YSE-1--------K,MAW,18317
2022-01-23T12:00+00:00Z,2022-01-23T13:00+00:00Z,10YSE-1--------K,MAW,18072
2022-01-23T13:00+00:00Z,2022-01-23T14:00+00:00Z,10YSE-1--------K,MAW,18364
2022-01-23T14:00+00:00Z,2022-01-23T15:00+00:00Z,10YSE-1--------K,MAW,19341
2022-01-23T15:00+00:00Z,2022-01-23T16:00+00:00Z,10YSE-1--------K,MAW,19751
2022-01-23T16:00+00:00Z,2022-01-23T17:00+00:00Z,10YSE-1--------K,MAW,19410
2022-01-23T17:00+00:00Z,2022-01-23T18:00+00:00Z,10YSE-1--------K,MAW,18938
2022-01-23T18:00+00:00Z,2022-01-23T19:00+00:00Z,10YSE-1--------K,MAW,18343
2022-01-23T19:00+00:00Z,2022-01-23T20:00+00:00Z,10YSE-1--------K,MAW,17602
2022-01-23T20:00+00:00Z,2022-01-23T21:00+00:00Z,10YSE-1--------K,MAW,17093
2022-01-23T21:00+00:00Z,2022-01-23T22:00+00:00Z,10YSE-1--------K,MAW,16458
2022-01-23T22:00+00:00Z,2022-01-23T23:00+00:00Z,10YSE-1--------K,MAW,16124
2022-01-23T23:00+00:00Z,2022-01-24T00:00+00:00Z,10YSE-1--------K,MAW,16147
2022-01-24T00:00+00:00Z,2022-01-24T01:00+00:00Z,10YSE-1--------K,MAW,16008
2022-01-24T01:00+00:00Z,2022-01-24T02:00+00:00Z,10YSE-1--------K,MAW,15850
2022-01-24T02:00+00:00Z,2022-01-24T03:00+00:00Z,10YSE-1--------K,MAW,16193
2022-01-24T03:00+00:00Z,2022-01-24T04:00+00:00Z,10YSE-1--------K,MAW,16399
2022-01-24T04:00+00:00Z,2022-01-24T05:00+00:00Z,10YSE-1--------K,MAW,18008
2022-01-24T05:00+00:00Z,2022-01-24T06:00+00:00Z,10YSE-1--------K,MAW,19543
2022-01-24T06:00+00:00Z,2022-01-24T07:00+00:00Z,10YSE-1--------K,MAW,19950
2022-01-24T07:00+00:00Z,2022-01-24T08:00+00:00Z,10YSE-1--------K,MAW,19771
2022-01-24T08:00+00:00Z,2022-01-24T09:00+00:00Z,10YSE-1--------K,MAW,20027
2022-01-24T09:00+00:00Z,2022-01-24T10:00+00:00Z,10YSE-1--------K,MAW,20088
2022-01-24T10:00+00:00Z,2022-01-24T11:00+00:00Z,10YSE-1--------K,MAW,19964
2022-01-24T11:00+00:00Z,2022-01-24T12:00+00:00Z,10YSE-1--------K,MAW,19953
2022-01-24T12:00+00:00Z,2022-01-24T13:00+00:00Z,10YSE-1--------K,MAW,19929
2022-01-24T13:00+00:00Z,2022-01-24T14:00+00:00Z,10YSE-1--------K,MAW,20000
2022-01-24T14:00+00:00Z,2022-01-24T15:00+00:00Z,10YSE-1--------K,MAW,20437
2022-01-24T15:00+00:00Z,2022-01-24T16:00+00:00Z,10YSE-1--------K,MAW,20817
2022-01-24T16:00+00:00Z,2022-01-24T17:00+00:00Z,10YSE-1--------K,MAW,20258
2022-01-24T17:00+00:00Z,2022-01-24T18:00+00:00Z,10YSE-1--------K,MAW,19730
2022-01-24T18:00+00:00Z,2022-01-24T19:00+00:00Z,10YSE-1--------K,MAW,19365
2022-01-24T19:00+00:00Z,2022-01-24T20:00+00:00Z,10YSE-1--------K,MAW,18965
2022-01-24T20:00+00:00Z,2022-01-24T21:00+00:00Z,10YSE-1--------K,MAW,18110
2022-01-24T21:00+00:00Z,2022-01-24T22:00+00:00Z,10YSE-1--------K,MAW,17132
2022-01-24T22:00+00:00Z,2022-01-24T23:00+00:00Z,10YSE-1--------K,MAW,16709
2022-01-24T23:00+00:00Z,2022-01-25T00:00+00:00Z,10YSE-1--------K,MAW,16822
2022-01-25T00:00+00:00Z,2022-01-25T01:00+00:00Z,10YSE-1--------K,MAW,16838
2022-01-25T01:00+00:00Z,2022-01-25T02:00+00:00Z,10YSE-1--------K,MAW,16477
2022-01-25T02:00+00:00Z,2022-01-25T03:00+00:00Z,10YSE-1--------K,MAW,16068
2022-01-25T03:00+00:00Z,2022-01-25T04:00+00:00Z,10YSE-1--------K,MAW,16440
2022-01-25T04:00+00:00Z,2022-01-25T05:00+00:00Z,10YSE-1--------K,MAW,18343
2022-01-25T05:00+00:00Z,2022-01-25T06:00+00:00Z,10YSE-1--------K,MAW,20214
2022-01-25T06:00+00:00Z,2022-01-25T07:00+00:00Z,10YSE-1--------K,MAW,20776
2022-01-25T07:00+00:00Z,2022-01-25T08:00+00:00Z,10YSE-1--------K,MAW,20797
2022-01-25T08:00+00:00Z,2022-01-25T09:00+00:00Z,10YSE-1--------K,MAW,20734
2022-01-25T09:00+00:00Z,2022-01-25T10:00+00:00Z,10YSE-1--------K,MAW,20284
2022-01-25T10:00+00:00Z,2022-01-25T11:00+00:00Z,10YSE-1--------K,MAW,20504
2022-01-25T11:00+00:00Z,2022-01-25T12:00+00:00Z,10YSE-1--------K,MAW,20124
2022-01-25T12:00+00:00Z,2022-01-25T13:00+00:00Z,10YSE-1--------K,MAW,19782
2022-01-25T13:00+00:00Z,2022-01-25T14:00+00:00Z,10YSE-1--------K,MAW,20193
2022-01-25T14:00+00:00Z,2022-01-25T15:00+00:00Z,10YSE-1--------K,MAW,20703
2022-01-25T15:00+00:00Z,2022-01-25T16:00+00:00Z,10YSE-1--------K,MAW,21150
2022-01-25T16:00+00:00Z,2022-01-25T17:00+00:00Z,10YSE-1--------K,MAW,20887
2022-01-25T17:00+00:00Z,2022-01-25T18:00+00:00Z,10YSE-1--------K,MAW,20479
2022-01-25T18:00+00:00Z,2022-01-25T19:00+00:00Z,10YSE-1--------K,MAW,20072
2022-01-25T19:00+00:00Z,2022-01-25T20:00+00:00Z,10YSE-1--------K,MAW,19443
2022-01-25T20:00+00:00Z,2022-01-25T21:00+00:00Z,10YSE-1--------K,MAW,18529
2022-01-25T21:00+00:00Z,2022-01-25T22:00+00:00Z,10YSE-1--------K,MAW,17562
2022-01-25T22:00+00:00Z,2022-01-25T23:00+00:00Z,10YSE-1--------K,MAW,16912
2022-01-25T23:00+00:00Z,2022-01-26T00:00+00:00Z,10YSE-1--------K,MAW,16187
2022-01-26T00:00+00:00Z,2022-01-26T01:00+00:00Z,10YSE-1--------K,MAW,15929
2022-01-26T01:00+00:00Z,2022-01-26T02:00+00:00Z,10YSE-1--------K,MAW,15878
2022-01-26T02:00+00:00Z,2022-01-26T03:00+00:00Z,10YSE-1--------K,MAW,16125
2022-01-26T03:00+00:00Z,2022-01-26T04:00+00:00Z,10YSE-1--------K,MAW,16609
2022-01-26T04:00+00:00Z,2022-01-26T05:00+00:00Z,10YSE-1--------K,MAW,18208
2022-01-26T05:00+00:00Z,2022-01-26T06:00+00:00Z,10YSE-1--------K,MAW,19821
2022-01-26T06:00+00:00Z,2022-01-26T07:00+00:00Z,10YSE-1--------K,MAW,20117
2022-01-26T07:00+00:00Z,2022-01-26T08:00+00:00Z,10YSE-1--------K,MAW,19935
2022-01-26T08:00+00:00Z,2022-01-26T09:00+00:00Z,10YSE-1--------K,MAW,19911
2022-01-26T09:00+00:00Z,2022-01-26T10:00+00:00Z,10YSE-1--------K,MAW,19704
2022-01-26T10:00+00:00Z,2022-01-26T11:00+00:00Z,10YSE-1--------K,MAW,20249
2022-01-26T11:00+00:00Z,2022-01-26T12:00+00:00Z,10YSE-1--------K,MAW,20166
2022-01-26T12:00+00:00Z,2022-01-26T13:00+00:00Z,10YSE-1--------K,MAW,19859
2022-01-26T13:00+00:00Z,2022-01-26T14:00+00:00Z,10YSE-1--------K,MAW,19917
2022-01-26T14:00+00:00Z,2022-01-26T15:00+00:00Z,10YSE-1--------K,MAW,20062
2022-01-26T15:00+00:00Z,2022-01-26T16:00+00:00Z,10YSE-1--------K,MAW,20541
2022-01-26T16:00+00:00Z,2022-01-26T17:00+00:00Z,10YSE-1--------K,MAW,20346
2022-01-26T17:00+00:00Z,2022-01-26T18:00+00:00Z,10YSE-1--------K,MAW,19957
2022-01-26T18:00+00:00Z,2022-01-26T19:00+00:00Z,10YSE-1--------K,MAW,19324
2022-01-26T19:00+00:00Z,2022-01-26T20:00+00:00Z,10YSE-1--------K,MAW,18697
2022-01-26T20:00+00:00Z,2022-01-26T21:00+00:00Z,10YSE-1--------K,MAW,17857
2022-01-26T21:00+00:00Z,2022-01-26T22:00+00:00Z,10YSE-1--------K,MAW,17000
2022-01-26T22:00+00:00Z,2022-01-26T23:00+00:00Z,10YSE-1--------K,MAW,16584
2022-01-26T23:00+00:00Z,2022-01-27T00:00+00:00Z,10YSE-1--------K,MAW,16174
2022-01-27T00:00+00:00Z,2022-01-27T01:00+00:00Z,10YSE-1--------K,MAW,15759
2022-01-27T01:00+00:00Z,2022-01-27T02:00+00:00Z,10YSE-1--------K,MAW,15546
2022-01-27T02:00+00:00Z,2022-01-27T03:00+00:00Z,10YSE-1--------K,MAW,15856
2022-01-27T03:00+00:00Z,2022-01-27T04:00+00:00Z,10YSE-1--------K,MAW,16391
2022-01-27T04:00+00:00Z,2022-01-27T05:00+00:00Z,10YSE-1--------K,MAW,17787
2022-01-27T05:00+00:00Z,2022-01-27T06:00+00:00Z,10YSE-1--------K,MAW,19846
2022-01-27T06:00+00:00Z,2022-01-27T07:00+00:00Z,10YSE-1--------K,MAW,19899
2022-01-27T07:00+00:00Z,2022-01-27T08:00+00:00Z,10YSE-1--------K,MAW,19957
2022-01-27T08:00+00:00Z,2022-01-27T09:00+00:00Z,10YSE-1--------K,MAW,20112
2022-01-27T09:00+00:00Z,2022-01-27T10:00+00:00Z,10YSE-1--------K,MAW,20093
2022-01-27T10:00+00:00Z,2022-01-27T11:00+00:00Z,10YSE-1--------K,MAW,19882
2022-01-27T11:00+00:00Z,2022-01-27T12:00+00:00Z,10YSE-1--------K,MAW,19712
2022-01-27T12:00+00:00Z,2022-01-27T13:00+00:00Z,10YSE-1--------K,MAW,19748
2022-01-27T13:00+00:00Z,2022-01-27T14:00+00:00Z,10YSE-1--------K,MAW,19828
2022-01-27T14:00+00:00Z,2022-01-27T15:00+00:00Z,10YSE-1--------K,MAW,20007
2022-01-27T15:00+00:00Z,2022-01-27T16:00+00:00Z,10YSE-1--------K,MAW,20535
2022-01-27T16:00+00:00Z,2022-01-27T17:00+00:00Z,10YSE-1--------K,MAW,20350
2022-01-27T17:00+00:00Z,2022-01-27T18:00+00:00Z,10YSE-1--------K,MAW,20091
2022-01-27T18:00+00:00Z,2022-01-27T19:00+00:00Z,10YSE-1--------K,MAW,19281
2022-01-27T19:00+00:00Z,2022-01-27T20:00+00:00Z,10YSE-1--------K,MAW,18489
2022-01-27T20:00+00:00Z,2022-01-27T21:00+00:00Z,10YSE-1--------K,MAW,17599
2022-01-27T21:00+00:00Z,2022-01-27T22:00+00:00Z,10YSE-1--------K,MAW,16995
2022-01-27T22:00+00:00Z,2022-01-27T23:00+00:00Z,10YSE-1--------K,MAW,16409
2022-01-27T23:00+00:00Z,2022-01-28T00:00+00:00Z,10YSE-1--------K,MAW,15905
2022-01-28T00:00+00:00Z,2022-01-28T01:00+00:00Z,10YSE-1--------K,MAW,15813
2022-01-28T01:00+00:00Z,2022-01-28T02:00+00:00Z,10YSE-1--------K,MAW,15864
2022-01-28T02:00+00:00Z,2022-01-28T03:00+00:00Z,10YSE-1--------K,MAW,16172
2022-01-28T03:00+00:00Z,2022-01-28T04:00+00:00Z,10YSE-1--------K,MAW,17013
2022-01-28T04:00+00:00Z,2022-01-28T05:00+00:00Z,10YSE-1--------K,MAW,18806
2022-01-28T05:00+00:00Z,2022-01-28T06:00+00:00Z,10YSE-1--------K,MAW,20251
2022-01-28T06:00+00:00Z,2022-01-28T07:00+00:00Z,10YSE-1--------K,MAW,20583
2022-01-28T07:00+00:00Z,2022-01-28T08:00+00:00Z,10YSE-1--------K,MAW,20528
2022-01-28T08:00+00:00Z,2022-01-28T09:00+00:00Z,10YSE-1--------K,MAW,20273
2022-01-28T09:00+00:00Z,2022-01-28T10:00+00:00Z,10YSE-1--------K,MAW,20294
2022-01-28T10:00+00:00Z,2022-01-28T11:00+00:00Z,10YSE-1--------K,MAW,20064
2022-01-28T11:00+00:00Z,2022-01-28T12:00+00:00Z,10YSE-1--------K,MAW,19537
2022-01-28T12:00+00:00Z,2022-01-28T13:00+00:00Z,10YSE-1--------K,MAW,19506
2022-01-28T13:00+00:00Z,2022-01-28T14:00+00:00Z,10YSE-1--------K,MAW,19834
2022-01-28T14:00+00:00Z,2022-01-28T15:00+00:00Z,10YSE-1--------K,MAW,19986
2022-01-28T15:00+00:00Z,2022-01-28T16:00+00:00Z,10YSE-1--------K,MAW,20338
2022-01-28T16:00+00:00Z,2022-01-28T17:00+00:00Z,10YSE-1--------K,MAW,19684
2022-01-28T17:00+00:00Z,2022-01-28T18:00+00:00Z,10YSE-1--------K,MAW,18978
2022-01-28T18:00+00:00Z,2022-01-28T19:00+00:00Z,10YSE-1--------K,MAW,18196
2022-01-28T19:00+00:00Z,2022-01-28T20:00+00:00Z,10YSE-1--------K,MAW,17919
2022-01-28T20:00+00:00Z,2022-01-28T21:00+00:00Z,10YSE-1--------K,MAW,17176
2022-01-28T21:00+00:00Z,2022-01-28T22:00+00:00Z,10YSE-1--------K,MAW,16612
2022-01-28T22:00+00:00Z,2022-01-28T23:00+00:00Z,10YSE-1--------K,MAW,16891
2022-01-28T23:00+00:00Z,2022-01-29T00:00+00:00Z,10YSE-1--------K,MAW,16875
2022-01-29T00:00+00:00Z,2022-01-29T01:00+00:00Z,10YSE-1--------K,MAW,16209
2022-01-29T01:00+00:00Z,2022-01-29T02:00+00:00Z,10YSE-1--------K,MAW,15821
2022-01-29T02:00+00:00Z,2022-01-29T03:00+00:00Z,10YSE-1--------K,MAW,15962
2022-01-29T03:00+00:00Z,2022-01-29T04:00+00:00Z,10YSE-1--------K,MAW,16002
2022-01-29T04:00+00:00Z,2022-01-29T05:00+00:00Z,10YSE-1--------K,MAW,16355
2022-01-29T05:00+00:00Z,2022-01-29T06:00+00:00Z,10YSE-1--------K,MAW,16835
2022-01-29T06:00+00:00Z,2022-01-29T07:00+00:00Z,10YSE-1--------K,MAW,17376
2022-01-29T07:00+00:00Z,2022-01-29T08:00+00:00Z,10YSE-1--------K,MAW,17970
2022-01-29T08:00+00:00Z,2022-01-29T09:00+00:00Z,10YSE-1--------K,MAW,18185
2022-01-29T09:00+00:00Z,2022-01-29T10:00+00:00Z,10YSE-1--------K,MAW,18485
2022-01-29T10:00+00:00Z,2022-01-29T11:00+00:00Z,10YSE-1--------K,MAW,18714
2022-01-29T11:00+00:00Z,2022-01-29T12:00+00:00Z,10YSE-1--------K,MAW,18864
2022-01-29T12:00+00:00Z,2022-01-29T13:00+00:00Z,10YSE-1--------K,MAW,18914
2022-01-29T13:00+00:00Z,2022-01-29T14:00+00:00Z,10YSE-1--------K,MAW,18530
2022-01-29T14:00+00:00Z,2022-01-29T15:00+00:00Z,10YSE-1--------K,MAW,18970
2022-01-29T15:00+00:00Z,2022-01-29T16:00+00:00Z,10YSE-1--------K,MAW,19391
2022-01-29T16:00+00:00Z,2022-01-29T17:00+00:00Z,10YSE-1--------K,MAW,19385
2022-01-29T17:00+00:00Z,2022-01-29T18:00+00:00Z,10YSE-1--------K,MAW,19073
2022-01-29T18:00+00:00Z,2022-01-29T19:00+00:00Z,10YSE-1--------K,MAW,18540
2022-01-29T19:00+00:00Z,2022-01-29T20:00+00:00Z,10YSE-1--------K,MAW,17819
2022-01-29T20:00+00:00Z,2022-01-29T21:00+00:00Z,10YSE-1--------K,MAW,17077
2022-01-29T21:00+00:00Z,2022-01-29T22:00+00:00Z,10YSE-1--------K,MAW,16678
2022-01-29T22:00+00:00Z,2022-01-29T23:00+00:00Z,10YSE-1--------K,MAW,16653
2022-01-29T23:00+00:00Z,2022-01-30T00:00+00:00Z,10YSE-1--------K,MAW,16575
2022-01-30T00:00+00:00Z,2022-01-30T01:00+00:00Z,10YSE-1--------K,MAW,16627
2022-01-30T01:00+00:00Z,2022-01-30T02:00+00:00Z,10YSE-1--------K,MAW,16657
2022-01-30T02:00+00:00Z,2022-01-30T03:00+00:00Z,10YSE-1--------K,MAW,16888
2022-01-30T03:00+00:00Z,2022-01-30T04:00+00:00Z,10YSE-1--------K,MAW,17024
2022-01-30T04:00+00:00Z,2022-01-30T05:00+00:00Z,10YSE-1--------K,MAW,17340
2022-01-30T05:00+00:00Z,2022-01-30T06:00+00:00Z,10YSE-1--------K,MAW,17818
2022-01-30T06:00+00:00Z,2022-01-30T07:00+00:00Z,10YSE-1--------K,MAW,18074
2022-01-30T07:00+00:00Z,2022-01-30T08:00+00:00Z,10YSE-1--------K,MAW,18521
2022-01-30T08:00+00:00Z,2022-01-30T09:00+00:00Z,10YSE-1--------K,MAW,19003
2022-01-30T09:00+00:00Z,2022-01-30T10:00+00:00Z,10YSE-1--------K,MAW,19255
2022-01-30T10:00+00:00Z,2022-01-30T11:00+00:00Z,10YSE-1--------K,MAW,19285
2022-01-30T11:00+00:00Z,2022-01-30T12:00+00:00Z,10YSE-1--------K,MAW,19261
2022-01-30T12:00+00:00Z,2022-01-30T13:00+00:00Z,10YSE-1--------K,MAW,19091
2022-01-30T13:00+00:00Z,2022-01-30T14:00+00:00Z,10YSE-1--------K,MAW,19411
2022-01-30T14:00+00:00Z,2022-01-30T15:00+00:00Z,10YSE-1--------K,MAW,20030
2022-01-30T15:00+00:00Z,2022-01-30T16:00+00:00Z,10YSE-1--------K,MAW,20494
2022-01-30T16:00+00:00Z,2022-01-30T17:00+00:00Z,10YSE-1--------K,MAW,20288
2022-01-30T17:00+00:00Z,2022-01-30T18:00+00:00Z,10YSE-1--------K,MAW,19783
2022-01-30T18:00+00:00Z,2022-01-30T19:00+00:00Z,10YSE-1--------K,MAW,19292
2022-01-30T19:00+00:00Z,2022-01-30T20:00+00:00Z,10YSE-1--------K,MAW,18677
2022-01-30T20:00+00:00Z,2022-01-30T21:00+00:00Z,10YSE-1--------K,MAW,17780
2022-01-30T21:00+00:00Z,2022-01-30T22:00+00:00Z,10YSE-1--------K,MAW,17318
2022-01-30T22:00+00:00Z,2022-01-30T23:00+00:00Z,10YSE-1--------K,MAW,17195
